Property ID,Listing Type,State,City,City Tier,Latitude,Longitude,Property Type,BHK,Size (SqFt),Price (INR),Price Per SqFt,Days on Market (DOM),DOM Status,Year Listed,Month Listed,Year Built,Property Age Classification,RERA Status,Furnishing Status,Parking (PKT),Gym,Swimming Pool (SWM),Elevator (ELV),Total Amenities
PROP-00001,Sale,Maharashtra,Mumbai,Tier 1,19.05217056837359,72.89497029942089,Apartment,2,1109,22514495.12,20301.62,223,Stale,2024,February,2024,New (2023-2026),RERA Approved,Semi-Furnished,Yes,No,No,Yes,2
PROP-00002,Rental,Maharashtra,Pune,Tier 1,18.4950978799072,73.88636813971914,Independent House/Villa,2,1470,38688.24,26.32,61,Moderate,2022,April,2002,Vintage (2001-2015),Awaiting Approval,Unfurnished,Yes,No,No,Yes,2
PROP-00003,Rental,Rajasthan,Jaipur,Tier 2,26.953025458052107,75.76234678987925,Independent House/Villa,3,2517,46325.95,18.41,287,Stale,2026,January,2021,Modern (2016-2022),RERA Approved,Fully Furnished,Yes,No,No,Yes,2
PROP-00004,Sale,Telangana,Hyderabad,Tier 1,17.35995461998495,78.4991874099607,Apartment,2,1095,7897208.3,7212.06,117,Moderate,2026,February,2025,New (2023-2026),RERA Approved,Semi-Furnished,Yes,No,Yes,Yes,3
PROP-00005,Sale,Gujarat,Ahmedabad,Tier 2,22.999694972612865,72.57857459831438,Apartment,3,1369,8159622.38,5960.28,137,Moderate,2022,December,2020,Modern (2016-2022),Awaiting Approval,Unfurnished,Yes,Yes,No,Yes,3
PROP-00006,Sale,Telangana,Hyderabad,Tier 1,17.410939826241798,78.51998303767883,Apartment,1,617,4759464.87,7713.88,75,Moderate,2023,November,2021,Modern (2016-2022),Awaiting Approval,Semi-Furnished,Yes,No,Yes,No,2
PROP-00007,Sale,Telangana,Hyderabad,Tier 1,17.379973984245055,78.52730870604813,Apartment,3,1586,13546503.29,8541.3,87,Moderate,2026,May,2021,Modern (2016-2022),RERA Approved,Semi-Furnished,No,No,No,Yes,1
PROP-00008,Rental,Gujarat,Ahmedabad,Tier 2,23.050171055695518,72.52261567714774,Apartment,3,1318,21551.26,16.35,61,Moderate,2024,June,2024,New (2023-2026),Awaiting Approval,Unfurnished,Yes,Yes,No,No,2
PROP-00009,Rental,Delhi,Delhi NCR,Tier 1,28.57043661575644,77.22640199190589,Independent House/Villa,1,1210,34447.28,28.47,353,Stale,2026,February,2025,New (2023-2026),RERA Approved,Semi-Furnished,Yes,No,No,No,1
PROP-00010,Rental,Karnataka,Bengaluru,Tier 1,12.970357119367339,77.54978357991197,Apartment,2,951,29791.29,31.33,275,Stale,2023,August,2013,Vintage (2001-2015),RERA Approved,Fully Furnished,Yes,No,No,No,1
PROP-00011,Sale,Delhi,Delhi NCR,Tier 1,28.56726136001833,77.21388586650774,Apartment,1,585,4766151.4,8147.27,115,Moderate,2022,August,2021,Modern (2016-2022),Awaiting Approval,Fully Furnished,Yes,No,No,No,1
PROP-00012,Rental,Maharashtra,Chhatrapati Sambhajinagar,Tier 2,19.832465320345538,75.32206327290437,Apartment,3,1765,21585.19,12.23,361,Stale,2024,October,2023,New (2023-2026),RERA Approved,Fully Furnished,Yes,No,No,No,1
PROP-00013,Rental,Maharashtra,Chhatrapati Sambhajinagar,Tier 2,19.916843745334443,75.32397765995222,Independent House/Villa,2,1986,24620.01,12.4,80,Moderate,2024,December,2019,Modern (2016-2022),RERA Approved,Fully Furnished,Yes,Yes,No,No,2
PROP-00014,Sale,Maharashtra,Mumbai,Tier 1,19.03992453711176,72.86299585034524,Apartment,2,1050,24934380.22,23747.03,162,Moderate,2025,January,2020,Modern (2016-2022),RERA Approved,Unfurnished,Yes,No,No,Yes,2
PROP-00015,Sale,Telangana,Hyderabad,Tier 1,17.388242068227523,78.49882924490495,Apartment,1,515,3019244.68,5862.61,24,Fast,2023,May,2013,Vintage (2001-2015),RERA Approved,Semi-Furnished,Yes,Yes,No,Yes,3
PROP-00016,Sale,Rajasthan,Jaipur,Tier 2,26.903509560260073,75.77070499656688,Apartment,2,1151,5893404.16,5120.25,135,Moderate,2025,September,2023,New (2023-2026),RERA Approved,Fully Furnished,Yes,No,No,No,1
PROP-00017,Sale,Maharashtra,Mumbai,Tier 1,19.060734332625884,72.90096990505903,Builder Floor,1,632,11667611.22,18461.41,333,Stale,2024,April,2014,Vintage (2001-2015),Awaiting Approval,Semi-Furnished,No,No,No,No,0
PROP-00018,Sale,Maharashtra,Pune,Tier 1,18.560383334568726,73.84715273855738,Builder Floor,2,1282,7485151.88,5838.65,126,Moderate,2023,September,2018,Modern (2016-2022),Awaiting Approval,Semi-Furnished,Yes,No,No,No,1
PROP-00019,Sale,Rajasthan,Jaipur,Tier 2,26.86458233967755,75.74413532003099,Apartment,2,1068,4275514.1,4003.29,45,Fast,2022,June,2021,Modern (2016-2022),RERA Approved,Semi-Furnished,No,No,No,No,0
PROP-00020,Sale,Maharashtra,Mumbai,Tier 1,19.09237896861756,72.90607598424842,Apartment,3,1328,22210077.4,16724.46,171,Moderate,2025,July,2024,New (2023-2026),Awaiting Approval,Semi-Furnished,No,Yes,No,No,1
PROP-00021,Rental,Telangana,Hyderabad,Tier 1,17.431339443421358,78.46527583245927,Apartment,3,1525,34884.39,22.88,134,Moderate,2024,November,2022,Modern (2016-2022),RERA Approved,Fully Furnished,Yes,No,No,No,1
PROP-00022,Sale,Delhi,Delhi NCR,Tier 1,28.619916818346184,77.20227668795992,Apartment,2,1191,13926494.72,11693.11,27,Fast,2024,December,2022,Modern (2016-2022),RERA Approved,Semi-Furnished,Yes,No,Yes,No,2
PROP-00023,Sale,Rajasthan,Jaipur,Tier 2,26.956082246203312,75.80584438832219,Independent House/Villa,4,3100,16773701.53,5410.87,283,Stale,2025,May,2015,Vintage (2001-2015),Awaiting Approval,Semi-Furnished,Yes,No,No,Yes,2
PROP-00024,Sale,Maharashtra,Chhatrapati Sambhajinagar,Tier 2,19.831425787928602,75.32654561571486,Independent House/Villa,3,1868,7722515.99,4134.11,255,Stale,2025,October,2020,Modern (2016-2022),RERA Approved,Fully Furnished,No,No,No,No,0
PROP-00025,Sale,Maharashtra,Chhatrapati Sambhajinagar,Tier 2,19.868079331907417,75.29895856561467,Independent House/Villa,4,2304,13623234.9,5912.86,13,Fast,2025,August,2023,New (2023-2026),RERA Approved,Semi-Furnished,Yes,No,No,No,1
PROP-00026,Rental,Karnataka,Bengaluru,Tier 1,12.947615779096205,77.58199210470129,Independent House/Villa,2,1528,48963.26,32.04,17,Fast,2025,February,2024,New (2023-2026),RERA Approved,Unfurnished,Yes,Yes,No,No,2
PROP-00027,Sale,Rajasthan,Jaipur,Tier 2,26.935482096498074,75.83174485826943,Apartment,2,1199,5786703.12,4826.27,311,Stale,2022,January,2021,Modern (2016-2022),RERA Approved,Semi-Furnished,Yes,No,No,No,1
PROP-00028,Sale,Gujarat,Ahmedabad,Tier 2,23.070629709049726,72.58557343972986,Apartment,1,450,2657158.98,5904.8,324,Stale,2025,July,2020,Modern (2016-2022),Awaiting Approval,Fully Furnished,Yes,No,No,Yes,2
PROP-00029,Sale,Delhi,Delhi NCR,Tier 1,28.589553006244426,77.22614791486673,Independent House/Villa,3,2389,26479524.6,11083.94,56,Fast,2025,August,2023,New (2023-2026),RERA Approved,Semi-Furnished,Yes,No,No,Yes,2
PROP-00030,Sale,Gujarat,Ahmedabad,Tier 2,23.03791746014741,72.58462821536376,Apartment,1,445,2691358.97,6048.0,213,Stale,2024,November,2019,Modern (2016-2022),RERA Approved,Semi-Furnished,Yes,No,Yes,No,2
PROP-00031,Rental,Maharashtra,Mumbai,Tier 1,19.045809763275976,72.84759921389595,Independent House/Villa,2,1758,83634.11,47.57,42,Fast,2024,September,2023,New (2023-2026),RERA Approved,Semi-Furnished,Yes,No,No,Yes,2
PROP-00032,Sale,Maharashtra,Pune,Tier 1,18.52693302545716,73.84853338641024,Apartment,2,992,6049880.84,6098.67,104,Moderate,2023,March,2018,Modern (2016-2022),RERA Approved,Unfurnished,Yes,No,No,Yes,2
PROP-00033,Sale,Delhi,Delhi NCR,Tier 1,28.610293248668835,77.23409397983633,Apartment,2,1165,14602808.0,12534.6,197,Stale,2023,July,2003,Vintage (2001-2015),RERA Approved,Fully Furnished,Yes,No,No,Yes,2
PROP-00034,Rental,Maharashtra,Mumbai,Tier 1,19.123200532963153,72.83783728975531,Builder Floor,2,1132,64989.13,57.41,195,Stale,2026,April,2024,New (2023-2026),RERA Approved,Fully Furnished,Yes,No,No,No,1
PROP-00035,Rental,Maharashtra,Mumbai,Tier 1,19.086852727269648,72.85548527760898,Apartment,1,552,29837.84,54.05,55,Fast,2024,December,2019,Modern (2016-2022),Awaiting Approval,Unfurnished,Yes,Yes,No,No,2
PROP-00036,Rental,Telangana,Hyderabad,Tier 1,17.369950637208685,78.46433191084658,Builder Floor,2,1133,22213.09,19.61,145,Moderate,2023,November,1983,Mature (Pre-2001),Non-RERA / NA,Unfurnished,Yes,No,No,No,1
PROP-00037,Sale,Delhi,Delhi NCR,Tier 1,28.575309578488795,77.20220189275945,Builder Floor,2,1362,11979860.81,8795.79,172,Moderate,2023,August,2021,Modern (2016-2022),RERA Approved,Fully Furnished,No,No,No,No,0
PROP-00038,Sale,Telangana,Hyderabad,Tier 1,17.350124682873496,78.53473687409422,Independent House/Villa,4,3118,26135389.97,8382.1,315,Stale,2023,December,2018,Modern (2016-2022),RERA Approved,Fully Furnished,No,No,No,Yes,1
PROP-00039,Rental,Maharashtra,Mumbai,Tier 1,19.048531692995123,72.83445025466838,Independent House/Villa,3,1891,111122.41,58.76,113,Moderate,2025,April,2025,New (2023-2026),RERA Approved,Fully Furnished,Yes,No,No,Yes,2
PROP-00040,Sale,Delhi,Delhi NCR,Tier 1,28.58899666613403,77.21087009943807,Apartment,4,2393,22273707.86,9307.86,211,Stale,2025,December,2020,Modern (2016-2022),Non-RERA / NA,Fully Furnished,Yes,No,Yes,Yes,3
PROP-00041,Sale,Maharashtra,Pune,Tier 1,18.555461605784114,73.82463646820122,Builder Floor,3,1848,16318845.6,8830.54,304,Stale,2022,April,2022,Modern (2016-2022),Non-RERA / NA,Semi-Furnished,Yes,No,No,No,1
PROP-00042,Sale,Gujarat,Ahmedabad,Tier 2,23.028622278828255,72.61846765454096,Apartment,2,900,4136279.24,4595.87,114,Moderate,2025,April,1985,Mature (Pre-2001),RERA Approved,Semi-Furnished,Yes,No,No,Yes,2
PROP-00043,Sale,Delhi,Delhi NCR,Tier 1,28.616239091137437,77.17033035047275,Apartment,1,510,6068192.0,11898.42,200,Stale,2024,February,2014,Vintage (2001-2015),RERA Approved,Semi-Furnished,Yes,No,No,No,1
PROP-00044,Rental,Maharashtra,Pune,Tier 1,18.48187688718692,73.84706010023616,Apartment,3,1371,41149.46,30.01,156,Moderate,2025,January,2015,Vintage (2001-2015),RERA Approved,Unfurnished,Yes,No,Yes,Yes,3
PROP-00045,Sale,Rajasthan,Jaipur,Tier 2,26.948413969334943,75.81108849848346,Apartment,2,1130,4948707.04,4379.39,247,Stale,2026,January,2016,Modern (2016-2022),RERA Approved,Semi-Furnished,Yes,No,No,Yes,2
PROP-00046,Rental,Maharashtra,Pune,Tier 1,18.542681430320847,73.87715544280275,Apartment,2,1153,26275.65,22.79,132,Moderate,2025,March,2020,Modern (2016-2022),RERA Approved,Semi-Furnished,Yes,No,No,No,1
PROP-00047,Sale,Delhi,Delhi NCR,Tier 1,28.57066683619,77.2012728636894,Apartment,2,892,11399597.14,12779.82,109,Moderate,2024,June,2022,Modern (2016-2022),RERA Approved,Semi-Furnished,Yes,Yes,No,Yes,3
PROP-00048,Sale,Maharashtra,Mumbai,Tier 1,19.09678350972298,72.86235241679528,Apartment,2,1052,21774899.44,20698.57,14,Fast,2022,December,2002,Vintage (2001-2015),RERA Approved,Semi-Furnished,Yes,No,Yes,No,2
PROP-00049,Sale,Rajasthan,Jaipur,Tier 2,26.916753821734265,75.77706123785529,Builder Floor,2,1411,7478189.65,5299.92,360,Stale,2023,August,1983,Mature (Pre-2001),RERA Approved,Semi-Furnished,Yes,Yes,Yes,Yes,4
PROP-00050,Sale,Maharashtra,Mumbai,Tier 1,19.03417253457468,72.85412762631587,Apartment,2,1224,26445621.82,21605.9,152,Moderate,2024,April,2019,Modern (2016-2022),RERA Approved,Unfurnished,Yes,No,No,Yes,2
PROP-00051,Rental,Rajasthan,Jaipur,Tier 2,26.908230064152868,75.75783329387068,Builder Floor,1,738,10167.18,13.78,144,Moderate,2026,February,2006,Vintage (2001-2015),RERA Approved,Unfurnished,Yes,No,No,Yes,2
PROP-00052,Rental,Karnataka,Bengaluru,Tier 1,12.970069628713006,77.5929039697559,Independent House/Villa,3,2583,79778.07,30.89,194,Stale,2023,August,2018,Modern (2016-2022),RERA Approved,Unfurnished,No,No,No,Yes,1
PROP-00053,Rental,Maharashtra,Chhatrapati Sambhajinagar,Tier 2,19.84277745401633,75.32015337560676,Independent House/Villa,1,1170,14684.38,12.55,98,Moderate,2026,May,2021,Modern (2016-2022),RERA Approved,Unfurnished,Yes,No,No,No,1
PROP-00054,Rental,Gujarat,Ahmedabad,Tier 2,23.06706981470003,72.55014616648972,Apartment,1,503,9595.95,19.08,233,Stale,2023,February,2018,Modern (2016-2022),RERA Approved,Fully Furnished,No,No,No,Yes,1
PROP-00055,Sale,Maharashtra,Chhatrapati Sambhajinagar,Tier 2,19.911197537148066,75.35897560634746,Independent House/Villa,2,1902,9934245.69,5223.05,67,Moderate,2023,June,2022,Modern (2016-2022),RERA Approved,Unfurnished,Yes,Yes,No,Yes,3
PROP-00056,Rental,Delhi,Delhi NCR,Tier 1,28.63080223373291,77.25585373317,Apartment,3,1570,56303.03,35.86,344,Stale,2024,December,2024,New (2023-2026),RERA Approved,Unfurnished,Yes,Yes,No,Yes,3
PROP-00057,Sale,Telangana,Hyderabad,Tier 1,17.381229556100063,78.49706372005593,Independent House/Villa,2,1662,13193236.08,7938.17,29,Fast,2022,January,2021,Modern (2016-2022),RERA Approved,Semi-Furnished,Yes,Yes,No,No,2
PROP-00058,Sale,Karnataka,Bengaluru,Tier 1,12.96277655415845,77.5522979467065,Apartment,2,1046,8344974.72,7977.99,272,Stale,2023,September,2018,Modern (2016-2022),RERA Approved,Semi-Furnished,Yes,No,No,No,1
PROP-00059,Sale,Karnataka,Bengaluru,Tier 1,12.986697346715095,77.55215836138541,Builder Floor,2,1426,11766222.61,8251.21,285,Stale,2026,February,2024,New (2023-2026),RERA Approved,Unfurnished,Yes,No,No,Yes,2
PROP-00060,Sale,Maharashtra,Pune,Tier 1,18.52494318694069,73.90184232208456,Builder Floor,2,1419,13060103.71,9203.74,15,Fast,2024,December,2022,Modern (2016-2022),RERA Approved,Semi-Furnished,Yes,No,Yes,Yes,3
PROP-00061,Sale,Rajasthan,Jaipur,Tier 2,26.86862731058819,75.76702907903073,Apartment,4,2022,9071046.75,4486.18,324,Stale,2024,September,1984,Mature (Pre-2001),RERA Approved,Semi-Furnished,Yes,No,No,No,1
PROP-00062,Sale,Maharashtra,Chhatrapati Sambhajinagar,Tier 2,19.877450264877034,75.30250669860824,Apartment,4,1966,11481251.61,5839.9,205,Stale,2022,August,2020,Modern (2016-2022),Awaiting Approval,Unfurnished,Yes,Yes,Yes,No,3
PROP-00063,Rental,Telangana,Hyderabad,Tier 1,17.415640361723284,78.49660445871504,Independent House/Villa,2,1674,36483.26,21.79,130,Moderate,2022,June,2017,Modern (2016-2022),RERA Approved,Unfurnished,Yes,No,Yes,Yes,3
PROP-00064,Sale,Karnataka,Bengaluru,Tier 1,12.967523987759696,77.60696487782903,Apartment,2,1079,10683618.9,9901.41,310,Stale,2024,March,2023,New (2023-2026),RERA Approved,Fully Furnished,Yes,Yes,No,No,2
PROP-00065,Sale,Karnataka,Bengaluru,Tier 1,12.926795657755427,77.60945048201187,Builder Floor,3,1607,16334733.89,10164.74,194,Stale,2023,March,2023,New (2023-2026),RERA Approved,Fully Furnished,Yes,Yes,No,No,2
PROP-00066,Sale,Telangana,Hyderabad,Tier 1,17.413627819938405,78.46344020278575,Apartment,1,583,3584110.39,6147.7,93,Moderate,2026,January,2016,Modern (2016-2022),RERA Approved,Semi-Furnished,No,Yes,Yes,No,2
PROP-00067,Sale,Delhi,Delhi NCR,Tier 1,28.584036378213597,77.16051106842146,Apartment,2,1044,10317759.53,9882.91,359,Stale,2024,March,2019,Modern (2016-2022),RERA Approved,Unfurnished,Yes,No,No,No,1
PROP-00068,Rental,Maharashtra,Mumbai,Tier 1,19.051862083488803,72.92420153694545,Builder Floor,2,1180,57605.65,48.82,120,Moderate,2024,June,2014,Vintage (2001-2015),RERA Approved,Semi-Furnished,Yes,No,No,No,1
PROP-00069,Sale,Delhi,Delhi NCR,Tier 1,28.58037063534323,77.18408930456911,Independent House/Villa,4,2321,27943010.06,12039.21,356,Stale,2023,May,2022,Modern (2016-2022),RERA Approved,Semi-Furnished,Yes,No,No,Yes,2
PROP-00070,Rental,Delhi,Delhi NCR,Tier 1,28.59692150648715,77.22660262880525,Independent House/Villa,1,1040,29644.13,28.5,181,Stale,2025,April,2020,Modern (2016-2022),Non-RERA / NA,Unfurnished,Yes,No,No,No,1
PROP-00071,Rental,Delhi,Delhi NCR,Tier 1,28.639575150568863,77.22966298698788,Apartment,2,1229,41794.52,34.01,18,Fast,2024,March,2022,Modern (2016-2022),RERA Approved,Semi-Furnished,Yes,No,No,Yes,2
PROP-00072,Sale,Delhi,Delhi NCR,Tier 1,28.615838585950396,77.22000074170795,Independent House/Villa,3,2041,21970254.71,10764.46,261,Stale,2024,August,2023,New (2023-2026),RERA Approved,Semi-Furnished,No,Yes,No,No,1
PROP-00073,Sale,Maharashtra,Mumbai,Tier 1,19.04648812741507,72.85899073942137,Apartment,2,917,20584153.97,22447.28,213,Stale,2023,February,2023,New (2023-2026),RERA Approved,Semi-Furnished,Yes,No,No,Yes,2
PROP-00074,Rental,Maharashtra,Mumbai,Tier 1,19.113783007815204,72.8548096253764,Apartment,1,517,29615.84,57.28,285,Stale,2025,June,2024,New (2023-2026),Non-RERA / NA,Semi-Furnished,No,No,No,Yes,1
PROP-00075,Rental,Maharashtra,Chhatrapati Sambhajinagar,Tier 2,19.914158185495154,75.35306682827027,Independent House/Villa,4,2529,36793.38,14.55,332,Stale,2023,October,2021,Modern (2016-2022),Awaiting Approval,Fully Furnished,Yes,No,No,No,1
PROP-00076,Rental,Karnataka,Bengaluru,Tier 1,13.0086578425046,77.63120956336117,Apartment,2,864,24588.5,28.46,329,Stale,2025,April,2024,New (2023-2026),RERA Approved,Semi-Furnished,Yes,No,No,No,1
PROP-00077,Rental,Karnataka,Bengaluru,Tier 1,12.945479621138155,77.63927337289233,Apartment,2,979,23196.89,23.69,109,Moderate,2025,July,1985,Mature (Pre-2001),Awaiting Approval,Fully Furnished,Yes,No,No,Yes,2
PROP-00078,Sale,Telangana,Hyderabad,Tier 1,17.3801239344181,78.44729058044038,Apartment,2,1067,9229884.97,8650.31,151,Moderate,2023,April,2021,Modern (2016-2022),RERA Approved,Unfurnished,Yes,No,No,Yes,2
PROP-00079,Sale,Delhi,Delhi NCR,Tier 1,28.662398965614088,77.17448286125978,Independent House/Villa,2,1713,19882476.8,11606.82,283,Stale,2025,December,2024,New (2023-2026),Awaiting Approval,Fully Furnished,Yes,No,No,Yes,2
PROP-00080,Sale,Maharashtra,Chhatrapati Sambhajinagar,Tier 2,19.903401247631,75.38777362587831,Apartment,2,992,4983546.16,5023.74,13,Fast,2022,June,2021,Modern (2016-2022),Awaiting Approval,Unfurnished,Yes,No,Yes,No,2
PROP-00081,Rental,Gujarat,Ahmedabad,Tier 2,22.97521674212256,72.59505352283348,Independent House/Villa,1,1131,22749.67,20.11,122,Moderate,2025,September,2020,Modern (2016-2022),RERA Approved,Unfurnished,Yes,Yes,No,No,2
PROP-00082,Rental,Maharashtra,Mumbai,Tier 1,19.03252045912605,72.91599938248298,Apartment,1,618,31473.39,50.93,98,Moderate,2022,June,2022,Modern (2016-2022),RERA Approved,Semi-Furnished,No,No,No,Yes,1
PROP-00083,Sale,Karnataka,Bengaluru,Tier 1,12.967993137681233,77.56486326341353,Apartment,3,1501,14515857.99,9670.79,148,Moderate,2023,April,2003,Vintage (2001-2015),RERA Approved,Semi-Furnished,Yes,No,No,No,1
PROP-00084,Sale,Rajasthan,Jaipur,Tier 2,26.953322020586157,75.79605858711095,Independent House/Villa,2,1525,7485869.8,4908.77,293,Stale,2022,December,1982,Mature (Pre-2001),RERA Approved,Fully Furnished,No,No,No,No,0
PROP-00085,Sale,Maharashtra,Chhatrapati Sambhajinagar,Tier 2,19.880070179795272,75.36341395944174,Apartment,1,473,1781180.7,3765.71,18,Fast,2023,March,2022,Modern (2016-2022),RERA Approved,Semi-Furnished,Yes,No,No,Yes,2
PROP-00086,Sale,Karnataka,Bengaluru,Tier 1,12.971381250803429,77.61261118854469,Apartment,2,1033,10303155.73,9974.01,261,Stale,2024,November,2019,Modern (2016-2022),RERA Approved,Unfurnished,Yes,No,No,No,1
PROP-00087,Rental,Maharashtra,Pune,Tier 1,18.48094736999566,73.84751516908668,Apartment,3,1730,34199.18,19.77,350,Stale,2024,December,2024,New (2023-2026),RERA Approved,Semi-Furnished,No,No,No,Yes,1
PROP-00088,Rental,Maharashtra,Mumbai,Tier 1,19.091678010472428,72.82923948916914,Apartment,1,466,24649.68,52.9,190,Stale,2025,September,2020,Modern (2016-2022),RERA Approved,Semi-Furnished,No,Yes,No,No,1
PROP-00089,Rental,Maharashtra,Chhatrapati Sambhajinagar,Tier 2,19.908410316060024,75.35159260568042,Independent House/Villa,2,1813,22679.71,12.51,349,Stale,2023,September,2021,Modern (2016-2022),RERA Approved,Semi-Furnished,Yes,Yes,No,Yes,3
PROP-00090,Sale,Delhi,Delhi NCR,Tier 1,28.601942000750757,77.18431015391796,Apartment,1,429,5418967.5,12631.63,211,Stale,2023,August,2021,Modern (2016-2022),RERA Approved,Semi-Furnished,Yes,No,No,Yes,2
PROP-00091,Sale,Maharashtra,Chhatrapati Sambhajinagar,Tier 2,19.903761185092534,75.33832542461428,Independent House/Villa,1,1119,5352828.52,4783.58,350,Stale,2023,June,2022,Modern (2016-2022),RERA Approved,Semi-Furnished,Yes,No,No,Yes,2
PROP-00092,Rental,Maharashtra,Pune,Tier 1,18.56684766539008,73.90245810150839,Apartment,1,580,14548.51,25.08,176,Moderate,2023,April,2018,Modern (2016-2022),RERA Approved,Fully Furnished,Yes,No,No,Yes,2
PROP-00093,Rental,Maharashtra,Pune,Tier 1,18.490776645912767,73.84660353176425,Apartment,3,1478,38237.81,25.87,274,Stale,2025,July,2023,New (2023-2026),RERA Approved,Fully Furnished,Yes,Yes,No,No,2
PROP-00094,Sale,Karnataka,Bengaluru,Tier 1,12.973932963119475,77.62858016066644,Builder Floor,1,752,6931788.18,9217.8,225,Stale,2024,March,2023,New (2023-2026),RERA Approved,Unfurnished,Yes,Yes,No,Yes,3
PROP-00095,Rental,Delhi,Delhi NCR,Tier 1,28.592613795808457,77.17785406057493,Apartment,1,465,13869.03,29.83,156,Moderate,2022,July,2017,Modern (2016-2022),RERA Approved,Semi-Furnished,No,Yes,No,Yes,2
PROP-00096,Sale,Maharashtra,Mumbai,Tier 1,19.105285441903384,72.89494604980251,Apartment,2,1146,21327436.65,18610.33,115,Moderate,2024,October,2019,Modern (2016-2022),Non-RERA / NA,Semi-Furnished,No,No,No,No,0
PROP-00097,Sale,Delhi,Delhi NCR,Tier 1,28.621659336588117,77.2567006954439,Apartment,3,1306,12806065.04,9805.56,187,Stale,2026,May,2006,Vintage (2001-2015),RERA Approved,Semi-Furnished,Yes,No,No,Yes,2
PROP-00098,Sale,Maharashtra,Mumbai,Tier 1,19.089458241755032,72.83788931008729,Apartment,2,1191,23594364.11,19810.55,343,Stale,2023,December,2022,Modern (2016-2022),RERA Approved,Semi-Furnished,Yes,No,No,Yes,2
PROP-00099,Sale,Gujarat,Ahmedabad,Tier 2,23.05229141596159,72.52223199422272,Apartment,2,929,4094617.88,4407.55,76,Moderate,2023,June,2013,Vintage (2001-2015),RERA Approved,Fully Furnished,No,No,No,No,0
PROP-00100,Sale,Delhi,Delhi NCR,Tier 1,28.603497047266245,77.20235827926327,Apartment,1,599,6409930.05,10701.05,287,Stale,2023,March,2018,Modern (2016-2022),RERA Approved,Semi-Furnished,Yes,No,No,No,1
PROP-00101,Sale,Maharashtra,Mumbai,Tier 1,19.117509006840706,72.83696254830514,Apartment,2,991,17703841.25,17864.62,78,Moderate,2022,October,2021,Modern (2016-2022),RERA Approved,Fully Furnished,Yes,No,No,Yes,2
PROP-00102,Rental,Maharashtra,Chhatrapati Sambhajinagar,Tier 2,19.879502886724616,75.36813843496762,Apartment,2,1139,20654.55,18.13,359,Stale,2026,May,2021,Modern (2016-2022),RERA Approved,Fully Furnished,Yes,Yes,No,Yes,3
PROP-00103,Sale,Rajasthan,Jaipur,Tier 2,26.878195482283537,75.82875486638486,Apartment,2,977,4269303.88,4369.81,219,Stale,2023,May,2021,Modern (2016-2022),RERA Approved,Fully Furnished,Yes,No,No,No,1
PROP-00104,Sale,Rajasthan,Jaipur,Tier 2,26.93198991181688,75.78070209727088,Apartment,2,1212,4523010.83,3731.86,332,Stale,2026,January,2006,Vintage (2001-2015),Awaiting Approval,Fully Furnished,No,No,No,Yes,1
PROP-00105,Rental,Maharashtra,Chhatrapati Sambhajinagar,Tier 2,19.905526135043825,75.31917116421555,Apartment,2,900,13638.99,15.15,27,Fast,2022,October,2021,Modern (2016-2022),RERA Approved,Semi-Furnished,Yes,Yes,No,Yes,3
PROP-00106,Sale,Maharashtra,Mumbai,Tier 1,19.057676167706752,72.87114033190066,Independent House/Villa,1,1013,31300938.98,30899.25,72,Moderate,2022,March,2017,Modern (2016-2022),RERA Approved,Unfurnished,Yes,Yes,Yes,Yes,4
PROP-00107,Sale,Karnataka,Bengaluru,Tier 1,13.007317925699876,77.616944781785,Builder Floor,2,1256,9125712.21,7265.69,97,Moderate,2024,April,2022,Modern (2016-2022),Awaiting Approval,Semi-Furnished,Yes,No,Yes,Yes,3
PROP-00108,Rental,Telangana,Hyderabad,Tier 1,17.425614325476577,78.43760541615804,Apartment,1,441,9894.47,22.44,325,Stale,2023,March,1983,Mature (Pre-2001),RERA Approved,Unfurnished,No,No,No,No,0
PROP-00109,Sale,Telangana,Hyderabad,Tier 1,17.362690448737784,78.49564539894847,Builder Floor,3,1578,11015852.85,6980.9,328,Stale,2023,June,2021,Modern (2016-2022),RERA Approved,Semi-Furnished,No,No,No,No,0
PROP-00110,Sale,Maharashtra,Mumbai,Tier 1,19.124352147271523,72.88902916848875,Apartment,4,2455,42226254.6,17200.1,67,Moderate,2024,November,1984,Mature (Pre-2001),RERA Approved,Semi-Furnished,Yes,Yes,No,No,2
PROP-00111,Sale,Gujarat,Ahmedabad,Tier 2,22.986571152804878,72.58516882468959,Apartment,4,2481,14034756.17,5656.89,228,Stale,2024,April,2004,Vintage (2001-2015),RERA Approved,Semi-Furnished,Yes,No,No,No,1
PROP-00112,Sale,Delhi,Delhi NCR,Tier 1,28.58410156684025,77.1832022079981,Apartment,3,1500,15150567.17,10100.38,229,Stale,2024,March,2022,Modern (2016-2022),RERA Approved,Fully Furnished,Yes,No,No,Yes,2
PROP-00113,Rental,Delhi,Delhi NCR,Tier 1,28.582322483923804,77.23040527233782,Apartment,2,1219,35665.29,29.26,350,Stale,2023,July,2013,Vintage (2001-2015),RERA Approved,Fully Furnished,Yes,No,No,Yes,2
PROP-00114,Rental,Maharashtra,Pune,Tier 1,18.559798971000784,73.81583914863319,Apartment,3,1601,43270.23,27.03,341,Stale,2026,March,1986,Mature (Pre-2001),Awaiting Approval,Unfurnished,Yes,No,No,No,1
PROP-00115,Rental,Maharashtra,Pune,Tier 1,18.535829255232496,73.82662703364669,Apartment,2,957,26066.1,27.24,107,Moderate,2024,February,2022,Modern (2016-2022),Non-RERA / NA,Semi-Furnished,Yes,Yes,No,Yes,3
PROP-00116,Rental,Maharashtra,Pune,Tier 1,18.485610428322225,73.89444700466545,Apartment,2,1130,33670.88,29.8,219,Stale,2026,March,2024,New (2023-2026),Non-RERA / NA,Semi-Furnished,Yes,Yes,No,Yes,3
PROP-00117,Rental,Maharashtra,Mumbai,Tier 1,19.070032341836836,72.90157231507266,Builder Floor,2,1336,71549.4,53.55,196,Stale,2023,April,2018,Modern (2016-2022),Non-RERA / NA,Semi-Furnished,Yes,Yes,No,No,2
PROP-00118,Sale,Rajasthan,Jaipur,Tier 2,26.923929802506983,75.73867455540113,Apartment,2,1245,6294926.85,5056.17,164,Moderate,2025,January,2023,New (2023-2026),RERA Approved,Semi-Furnished,Yes,No,No,Yes,2
PROP-00119,Rental,Delhi,Delhi NCR,Tier 1,28.572246408498938,77.18383762603699,Apartment,3,1434,49465.72,34.49,211,Stale,2023,November,2023,New (2023-2026),RERA Approved,Semi-Furnished,No,No,No,Yes,1
PROP-00120,Sale,Maharashtra,Mumbai,Tier 1,19.114241636840735,72.84914064829933,Independent House/Villa,2,1790,33269003.71,18586.04,273,Stale,2023,November,2022,Modern (2016-2022),RERA Approved,Semi-Furnished,Yes,No,No,No,1
PROP-00121,Rental,Rajasthan,Jaipur,Tier 2,26.942760353544156,75.7643806328037,Apartment,2,870,14699.27,16.9,198,Stale,2025,March,2023,New (2023-2026),RERA Approved,Fully Furnished,Yes,No,No,No,1
PROP-00122,Rental,Maharashtra,Chhatrapati Sambhajinagar,Tier 2,19.876720677357664,75.31805597702798,Apartment,4,1790,26511.56,14.81,156,Moderate,2022,May,2020,Modern (2016-2022),Awaiting Approval,Fully Furnished,No,No,No,Yes,1
PROP-00123,Sale,Rajasthan,Jaipur,Tier 2,26.959112661525918,75.74355262957428,Independent House/Villa,1,936,3900397.61,4167.09,241,Stale,2023,August,2022,Modern (2016-2022),RERA Approved,Unfurnished,Yes,No,No,No,1
PROP-00124,Sale,Gujarat,Ahmedabad,Tier 2,23.01427609792751,72.56729405165967,Builder Floor,2,1499,7680642.68,5123.84,92,Moderate,2023,December,2003,Vintage (2001-2015),Non-RERA / NA,Semi-Furnished,Yes,No,No,Yes,2
PROP-00125,Sale,Telangana,Hyderabad,Tier 1,17.433411031903653,78.50997334747862,Independent House/Villa,4,3044,22370285.64,7348.98,15,Fast,2022,August,2012,Vintage (2001-2015),Awaiting Approval,Semi-Furnished,Yes,No,Yes,Yes,3
PROP-00126,Sale,Maharashtra,Pune,Tier 1,18.53719199988036,73.86737317247174,Independent House/Villa,2,1863,20471194.77,10988.3,191,Stale,2022,October,2022,Modern (2016-2022),Non-RERA / NA,Unfurnished,Yes,Yes,Yes,No,3
PROP-00127,Rental,Maharashtra,Mumbai,Tier 1,19.089467127325396,72.8949871668598,Independent House/Villa,2,1686,84317.72,50.01,218,Stale,2023,November,2018,Modern (2016-2022),Awaiting Approval,Unfurnished,Yes,No,No,No,1
PROP-00128,Rental,Karnataka,Bengaluru,Tier 1,12.938195489529578,77.55271491785362,Builder Floor,2,1164,38701.36,33.25,19,Fast,2024,April,2019,Modern (2016-2022),RERA Approved,Semi-Furnished,Yes,No,No,Yes,2
PROP-00129,Sale,Delhi,Delhi NCR,Tier 1,28.652092775830464,77.25414907101768,Apartment,2,910,8324210.86,9147.48,270,Stale,2023,March,1983,Mature (Pre-2001),RERA Approved,Semi-Furnished,No,Yes,No,Yes,2
PROP-00130,Sale,Delhi,Delhi NCR,Tier 1,28.60664896879206,77.24284918338431,Apartment,3,1445,16352995.08,11316.95,301,Stale,2024,November,2024,New (2023-2026),RERA Approved,Unfurnished,Yes,No,No,Yes,2
PROP-00131,Sale,Telangana,Hyderabad,Tier 1,17.35122334057825,78.51720903184956,Apartment,2,1000,6594158.97,6594.16,77,Moderate,2026,March,2025,New (2023-2026),RERA Approved,Semi-Furnished,Yes,No,Yes,Yes,3
PROP-00132,Sale,Karnataka,Bengaluru,Tier 1,12.922860751997577,77.62689838050417,Apartment,2,1152,11426700.82,9919.01,56,Fast,2025,May,2005,Vintage (2001-2015),RERA Approved,Semi-Furnished,Yes,Yes,No,Yes,3
PROP-00133,Sale,Maharashtra,Mumbai,Tier 1,19.081975568363838,72.92097105081328,Independent House/Villa,1,1172,34103038.21,29098.16,132,Moderate,2022,October,2002,Vintage (2001-2015),Awaiting Approval,Unfurnished,Yes,Yes,Yes,Yes,4
PROP-00134,Sale,Delhi,Delhi NCR,Tier 1,28.61663996221227,77.21342539661137,Apartment,1,440,5241905.33,11913.42,32,Fast,2025,January,2015,Vintage (2001-2015),Awaiting Approval,Unfurnished,Yes,No,No,Yes,2
PROP-00135,Rental,Telangana,Hyderabad,Tier 1,17.40693536223692,78.45672820178676,Apartment,4,1714,45152.01,26.34,69,Moderate,2025,November,2015,Vintage (2001-2015),RERA Approved,Fully Furnished,Yes,Yes,No,Yes,3
PROP-00136,Sale,Maharashtra,Mumbai,Tier 1,19.11502580530178,72.88937836078526,Apartment,2,890,21225172.31,23848.51,21,Fast,2025,June,2025,New (2023-2026),RERA Approved,Unfurnished,Yes,No,No,Yes,2
PROP-00137,Sale,Rajasthan,Jaipur,Tier 2,26.870340658464304,75.8115881493668,Independent House/Villa,2,1622,7051626.05,4347.49,355,Stale,2023,June,2018,Modern (2016-2022),RERA Approved,Fully Furnished,Yes,Yes,No,No,2
PROP-00138,Rental,Karnataka,Bengaluru,Tier 1,12.994749649034036,77.61839173933541,Apartment,1,611,16890.85,27.64,142,Moderate,2024,February,2023,New (2023-2026),RERA Approved,Semi-Furnished,Yes,Yes,No,Yes,3
PROP-00139,Sale,Karnataka,Bengaluru,Tier 1,12.94034119440976,77.59674490241669,Independent House/Villa,3,2320,27506948.1,11856.44,323,Stale,2025,November,2024,New (2023-2026),RERA Approved,Semi-Furnished,Yes,No,No,Yes,2
PROP-00140,Rental,Maharashtra,Pune,Tier 1,18.556217705315714,73.81354587193336,Apartment,4,2341,54047.98,23.09,233,Stale,2023,March,2013,Vintage (2001-2015),RERA Approved,Unfurnished,No,No,No,No,0
PROP-00141,Rental,Gujarat,Ahmedabad,Tier 2,23.054406351386167,72.55851129384301,Apartment,2,1036,15545.78,15.01,258,Stale,2024,November,2023,New (2023-2026),RERA Approved,Unfurnished,Yes,Yes,No,No,2
PROP-00142,Sale,Delhi,Delhi NCR,Tier 1,28.617979375498557,77.25107666084634,Apartment,1,497,5488569.85,11043.4,214,Stale,2022,September,2017,Modern (2016-2022),RERA Approved,Unfurnished,Yes,No,No,Yes,2
PROP-00143,Sale,Telangana,Hyderabad,Tier 1,17.406024279862333,78.49514489097574,Apartment,2,893,6525209.74,7307.07,298,Stale,2025,June,2005,Vintage (2001-2015),RERA Approved,Unfurnished,Yes,Yes,No,Yes,3
PROP-00144,Sale,Maharashtra,Pune,Tier 1,18.501835011318374,73.86053319432557,Independent House/Villa,3,2520,22747570.34,9026.81,235,Stale,2026,March,2025,New (2023-2026),RERA Approved,Semi-Furnished,Yes,Yes,No,No,2
PROP-00145,Sale,Delhi,Delhi NCR,Tier 1,28.61101678989328,77.18588535143822,Builder Floor,2,1395,17245041.02,12362.04,245,Stale,2025,August,1985,Mature (Pre-2001),RERA Approved,Unfurnished,Yes,No,No,Yes,2
PROP-00146,Sale,Rajasthan,Jaipur,Tier 2,26.944563689771048,75.77414489199165,Apartment,3,1375,5741731.23,4175.8,74,Moderate,2024,January,1984,Mature (Pre-2001),RERA Approved,Semi-Furnished,Yes,No,No,No,1
PROP-00147,Rental,Gujarat,Ahmedabad,Tier 2,23.018426519717323,72.61093460891531,Apartment,2,1054,15238.49,14.46,108,Moderate,2024,March,2019,Modern (2016-2022),RERA Approved,Semi-Furnished,Yes,No,Yes,Yes,3
PROP-00148,Sale,Telangana,Hyderabad,Tier 1,17.370779826532544,78.50334630475268,Apartment,3,1567,9119630.23,5819.8,208,Stale,2022,March,2021,Modern (2016-2022),Non-RERA / NA,Unfurnished,Yes,No,No,Yes,2
PROP-00149,Sale,Rajasthan,Jaipur,Tier 2,26.911821244725033,75.81603870267523,Independent House/Villa,2,1760,10790181.83,6130.79,57,Fast,2026,January,2024,New (2023-2026),RERA Approved,Unfurnished,No,No,No,Yes,1
PROP-00150,Sale,Rajasthan,Jaipur,Tier 2,26.945224925243725,75.78273454230677,Independent House/Villa,1,1351,8634591.75,6391.26,334,Stale,2026,January,2024,New (2023-2026),RERA Approved,Unfurnished,Yes,No,No,No,1
PROP-00151,Rental,Telangana,Hyderabad,Tier 1,17.368520804737088,78.49972472194561,Apartment,2,1081,25303.58,23.41,58,Fast,2025,October,2023,New (2023-2026),RERA Approved,Unfurnished,No,Yes,No,No,1
PROP-00152,Sale,Gujarat,Ahmedabad,Tier 2,22.989876159313575,72.54623836087431,Apartment,2,1066,5276921.84,4950.21,280,Stale,2024,September,2022,Modern (2016-2022),RERA Approved,Semi-Furnished,Yes,Yes,No,Yes,3
PROP-00153,Sale,Telangana,Hyderabad,Tier 1,17.40620140203308,78.50724608302835,Independent House/Villa,4,2262,25082427.18,11088.61,339,Stale,2023,April,1983,Mature (Pre-2001),Non-RERA / NA,Semi-Furnished,Yes,No,Yes,Yes,3
PROP-00154,Sale,Telangana,Hyderabad,Tier 1,17.41759782127081,78.47946013337034,Apartment,3,1312,10806423.44,8236.6,35,Fast,2025,March,2024,New (2023-2026),RERA Approved,Semi-Furnished,Yes,No,Yes,Yes,3
PROP-00155,Rental,Maharashtra,Pune,Tier 1,18.48046374785235,73.85095455148148,Apartment,3,1387,37692.2,27.18,139,Moderate,2022,January,2012,Vintage (2001-2015),RERA Approved,Semi-Furnished,No,No,No,Yes,1
PROP-00156,Sale,Telangana,Hyderabad,Tier 1,17.358987411275596,78.50163223245768,Apartment,2,862,6627935.23,7689.02,62,Moderate,2024,August,2024,New (2023-2026),RERA Approved,Semi-Furnished,No,No,No,No,0
PROP-00157,Rental,Maharashtra,Mumbai,Tier 1,19.0401971989761,72.9213280621469,Apartment,1,573,27893.91,48.68,109,Moderate,2025,December,2020,Modern (2016-2022),RERA Approved,Semi-Furnished,Yes,No,No,Yes,2
PROP-00158,Rental,Rajasthan,Jaipur,Tier 2,26.89719414115822,75.74370063466087,Builder Floor,3,1936,30486.56,15.75,270,Stale,2024,January,2004,Vintage (2001-2015),RERA Approved,Semi-Furnished,Yes,Yes,No,No,2
PROP-00159,Sale,Rajasthan,Jaipur,Tier 2,26.90743509789054,75.8197743237347,Builder Floor,2,1085,4030943.05,3715.15,14,Fast,2024,April,2022,Modern (2016-2022),RERA Approved,Unfurnished,Yes,No,No,No,1
PROP-00160,Rental,Maharashtra,Mumbai,Tier 1,19.10088263369633,72.85693831104122,Apartment,2,1184,53571.86,45.25,257,Stale,2025,April,2024,New (2023-2026),RERA Approved,Unfurnished,Yes,No,No,No,1
PROP-00161,Sale,Gujarat,Ahmedabad,Tier 2,23.037614758488168,72.56579194545064,Apartment,2,911,5069545.6,5564.81,299,Stale,2022,November,2017,Modern (2016-2022),RERA Approved,Semi-Furnished,Yes,No,No,No,1
PROP-00162,Rental,Maharashtra,Mumbai,Tier 1,19.088092856747842,72.82989133287751,Apartment,1,485,28464.14,58.69,160,Moderate,2025,October,2015,Vintage (2001-2015),RERA Approved,Semi-Furnished,No,Yes,No,Yes,2
PROP-00163,Rental,Delhi,Delhi NCR,Tier 1,28.599137494660965,77.18910460778343,Apartment,2,949,32709.25,34.47,162,Moderate,2024,March,2019,Modern (2016-2022),RERA Approved,Semi-Furnished,Yes,No,No,Yes,2
PROP-00164,Sale,Telangana,Hyderabad,Tier 1,17.419144755308476,78.48696312426301,Apartment,2,998,7502197.79,7517.23,41,Fast,2022,January,2020,Modern (2016-2022),RERA Approved,Semi-Furnished,Yes,No,Yes,Yes,3
PROP-00165,Sale,Maharashtra,Mumbai,Tier 1,19.073128716739816,72.83331760773474,Apartment,1,475,7786613.29,16392.87,123,Moderate,2022,February,2020,Modern (2016-2022),RERA Approved,Semi-Furnished,Yes,No,No,Yes,2
PROP-00166,Rental,Gujarat,Ahmedabad,Tier 2,23.070410493801518,72.57050957293832,Apartment,4,2091,29564.7,14.14,71,Moderate,2022,June,1982,Mature (Pre-2001),RERA Approved,Semi-Furnished,Yes,No,No,Yes,2
PROP-00167,Sale,Gujarat,Ahmedabad,Tier 2,23.035914213829574,72.61411106288584,Apartment,2,1012,4855182.46,4797.61,246,Stale,2024,May,2004,Vintage (2001-2015),RERA Approved,Semi-Furnished,Yes,No,No,Yes,2
PROP-00168,Sale,Karnataka,Bengaluru,Tier 1,12.93422647415645,77.55513932181078,Apartment,1,622,5340179.97,8585.5,303,Stale,2024,July,2019,Modern (2016-2022),RERA Approved,Semi-Furnished,Yes,No,No,No,1
PROP-00169,Sale,Maharashtra,Mumbai,Tier 1,19.093617756207543,72.90414407280755,Apartment,2,872,18030665.79,20677.37,217,Stale,2025,November,2015,Vintage (2001-2015),RERA Approved,Semi-Furnished,No,No,No,Yes,1
PROP-00170,Sale,Delhi,Delhi NCR,Tier 1,28.59641040154317,77.1999671053376,Apartment,3,1360,11208156.09,8241.29,312,Stale,2024,January,2019,Modern (2016-2022),RERA Approved,Semi-Furnished,Yes,Yes,No,No,2
PROP-00171,Rental,Maharashtra,Pune,Tier 1,18.539032719668608,73.87221737145244,Apartment,2,871,24828.68,28.51,105,Moderate,2025,November,2023,New (2023-2026),RERA Approved,Semi-Furnished,Yes,No,No,No,1
PROP-00172,Sale,Maharashtra,Chhatrapati Sambhajinagar,Tier 2,19.833164114816242,75.31932365979853,Builder Floor,2,1320,5879561.67,4454.21,60,Moderate,2022,August,2021,Modern (2016-2022),Non-RERA / NA,Fully Furnished,Yes,No,Yes,No,2
PROP-00173,Sale,Maharashtra,Pune,Tier 1,18.487888143717594,73.82264922625414,Apartment,1,435,4025402.06,9253.8,336,Stale,2022,August,2020,Modern (2016-2022),RERA Approved,Semi-Furnished,Yes,No,No,Yes,2
PROP-00174,Sale,Delhi,Delhi NCR,Tier 1,28.64947372589058,77.17504626142713,Apartment,1,592,6723949.54,11358.02,328,Stale,2026,May,2021,Modern (2016-2022),RERA Approved,Semi-Furnished,Yes,Yes,No,Yes,3
PROP-00175,Rental,Maharashtra,Pune,Tier 1,18.49311795570235,73.81374919456432,Builder Floor,2,1265,27116.16,21.44,243,Stale,2022,January,2022,Modern (2016-2022),RERA Approved,Semi-Furnished,Yes,No,No,Yes,2
PROP-00176,Sale,Maharashtra,Pune,Tier 1,18.554104112524293,73.82526467049013,Builder Floor,3,1803,16945417.91,9398.46,235,Stale,2024,December,2022,Modern (2016-2022),Awaiting Approval,Semi-Furnished,Yes,Yes,No,Yes,3
PROP-00177,Rental,Gujarat,Ahmedabad,Tier 2,23.000427608845442,72.58782193849889,Apartment,3,1611,29593.55,18.37,96,Moderate,2024,June,2014,Vintage (2001-2015),RERA Approved,Unfurnished,No,Yes,No,Yes,2
PROP-00178,Sale,Maharashtra,Mumbai,Tier 1,19.09028819100587,72.91586906118435,Independent House/Villa,1,1010,24134315.73,23895.36,283,Stale,2025,October,2020,Modern (2016-2022),Non-RERA / NA,Fully Furnished,Yes,No,No,No,1
PROP-00179,Rental,Telangana,Hyderabad,Tier 1,17.404415057350985,78.51811256855912,Apartment,2,929,22755.9,24.5,113,Moderate,2024,July,2019,Modern (2016-2022),Non-RERA / NA,Unfurnished,Yes,Yes,Yes,Yes,4
PROP-00180,Sale,Maharashtra,Pune,Tier 1,18.521665475314503,73.87521343098746,Apartment,4,1955,12470305.54,6378.67,321,Stale,2023,March,2003,Vintage (2001-2015),RERA Approved,Semi-Furnished,No,Yes,No,Yes,2
PROP-00181,Sale,Maharashtra,Chhatrapati Sambhajinagar,Tier 2,19.856731067669674,75.30434318634111,Apartment,2,1087,5355403.45,4926.77,172,Moderate,2025,June,2025,New (2023-2026),Non-RERA / NA,Semi-Furnished,Yes,No,No,No,1
PROP-00182,Sale,Delhi,Delhi NCR,Tier 1,28.58516443763711,77.1879187446296,Independent House/Villa,3,1961,30315540.58,15459.23,304,Stale,2025,February,2020,Modern (2016-2022),RERA Approved,Fully Furnished,No,Yes,No,Yes,2
PROP-00183,Rental,Maharashtra,Pune,Tier 1,18.47371893545624,73.83768068753226,Independent House/Villa,1,986,20787.05,21.08,222,Stale,2025,April,2015,Vintage (2001-2015),Awaiting Approval,Unfurnished,Yes,No,No,Yes,2
PROP-00184,Rental,Maharashtra,Chhatrapati Sambhajinagar,Tier 2,19.856594640124072,75.31829569463976,Apartment,4,2476,33212.77,13.41,226,Stale,2023,June,2018,Modern (2016-2022),RERA Approved,Semi-Furnished,Yes,Yes,No,No,2
PROP-00185,Sale,Maharashtra,Mumbai,Tier 1,19.091316279053128,72.87920056597098,Apartment,3,1288,30167024.19,23421.6,165,Moderate,2024,January,2022,Modern (2016-2022),RERA Approved,Semi-Furnished,No,No,No,Yes,1
PROP-00186,Rental,Maharashtra,Chhatrapati Sambhajinagar,Tier 2,19.920030481844847,75.34685538148797,Apartment,4,2342,29341.95,12.53,20,Fast,2024,May,2023,New (2023-2026),RERA Approved,Semi-Furnished,No,No,No,No,0
PROP-00187,Rental,Telangana,Hyderabad,Tier 1,17.422120448226305,78.47238859751711,Apartment,3,1747,41945.6,24.01,282,Stale,2023,July,2003,Vintage (2001-2015),Awaiting Approval,Unfurnished,Yes,No,No,Yes,2
PROP-00188,Sale,Maharashtra,Mumbai,Tier 1,19.10260647765353,72.86307891587364,Apartment,2,968,19342477.29,19981.9,61,Moderate,2025,June,2020,Modern (2016-2022),RERA Approved,Semi-Furnished,Yes,No,No,No,1
PROP-00189,Sale,Delhi,Delhi NCR,Tier 1,28.64274473432533,77.24185555979061,Independent House/Villa,4,2351,32964206.62,14021.36,66,Moderate,2022,March,2002,Vintage (2001-2015),RERA Approved,Semi-Furnished,Yes,Yes,No,Yes,3
PROP-00190,Sale,Telangana,Hyderabad,Tier 1,17.401498490347603,78.51562928483197,Independent House/Villa,2,1453,12336700.65,8490.5,331,Stale,2023,July,2018,Modern (2016-2022),RERA Approved,Unfurnished,No,Yes,No,Yes,2
PROP-00191,Sale,Maharashtra,Mumbai,Tier 1,19.0520286857566,72.85847958316808,Independent House/Villa,2,1806,40023669.93,22161.5,246,Stale,2022,September,2017,Modern (2016-2022),RERA Approved,Semi-Furnished,Yes,No,No,Yes,2
PROP-00192,Rental,Maharashtra,Pune,Tier 1,18.561119503070582,73.89807884438733,Builder Floor,3,1882,38876.97,20.66,94,Moderate,2022,November,2012,Vintage (2001-2015),RERA Approved,Semi-Furnished,No,No,Yes,Yes,2
PROP-00193,Rental,Delhi,Delhi NCR,Tier 1,28.630973231190584,77.25428150170025,Apartment,3,1744,62770.5,35.99,76,Moderate,2025,February,2020,Modern (2016-2022),RERA Approved,Semi-Furnished,Yes,Yes,No,Yes,3
PROP-00194,Rental,Maharashtra,Pune,Tier 1,18.526444063098044,73.83937425420301,Independent House/Villa,4,3184,86881.4,27.29,330,Stale,2022,January,2020,Modern (2016-2022),RERA Approved,Fully Furnished,Yes,No,No,Yes,2
PROP-00195,Sale,Maharashtra,Mumbai,Tier 1,19.037098946921347,72.86314249487931,Apartment,2,1126,25772918.81,22888.92,34,Fast,2025,December,2020,Modern (2016-2022),RERA Approved,Semi-Furnished,Yes,Yes,No,Yes,3
PROP-00196,Sale,Rajasthan,Jaipur,Tier 2,26.907105554380646,75.7878634153422,Apartment,3,1368,6629668.61,4846.25,363,Stale,2022,June,2012,Vintage (2001-2015),RERA Approved,Fully Furnished,Yes,No,No,Yes,2
PROP-00197,Rental,Maharashtra,Chhatrapati Sambhajinagar,Tier 2,19.872235827120193,75.38741208125337,Apartment,3,1421,18203.04,12.81,292,Stale,2023,August,2021,Modern (2016-2022),RERA Approved,Fully Furnished,No,No,No,Yes,1
PROP-00198,Rental,Maharashtra,Chhatrapati Sambhajinagar,Tier 2,19.91265636095227,75.38093194331422,Apartment,1,593,7151.28,12.06,90,Moderate,2025,February,2023,New (2023-2026),RERA Approved,Unfurnished,Yes,No,No,Yes,2
PROP-00199,Rental,Telangana,Hyderabad,Tier 1,17.38966482201878,78.44695679625836,Apartment,2,933,22773.14,24.41,238,Stale,2024,June,2024,New (2023-2026),Non-RERA / NA,Unfurnished,No,No,Yes,No,1
PROP-00200,Rental,Maharashtra,Mumbai,Tier 1,19.064040054897042,72.86697307432715,Apartment,2,879,44703.95,50.86,239,Stale,2023,May,2003,Vintage (2001-2015),RERA Approved,Semi-Furnished,Yes,No,No,Yes,2
PROP-00201,Rental,Telangana,Hyderabad,Tier 1,17.432680032851067,78.49203711897498,Independent House/Villa,2,1810,39438.58,21.79,317,Stale,2025,April,2025,New (2023-2026),Non-RERA / NA,Semi-Furnished,Yes,Yes,No,Yes,3
PROP-00202,Sale,Maharashtra,Mumbai,Tier 1,19.037072059332633,72.87801324725515,Apartment,4,2022,30971756.84,15317.39,269,Stale,2024,October,2019,Modern (2016-2022),RERA Approved,Semi-Furnished,No,No,No,No,0
PROP-00203,Sale,Maharashtra,Mumbai,Tier 1,19.068254842831195,72.8470863067937,Apartment,2,1218,18955824.24,15563.07,291,Stale,2023,December,2021,Modern (2016-2022),RERA Approved,Semi-Furnished,Yes,No,No,No,1
PROP-00204,Rental,Delhi,Delhi NCR,Tier 1,28.568102467517143,77.24488167711682,Builder Floor,3,1887,56466.38,29.92,331,Stale,2025,April,2023,New (2023-2026),RERA Approved,Semi-Furnished,Yes,No,No,Yes,2
PROP-00205,Rental,Karnataka,Bengaluru,Tier 1,12.995590412076693,77.61229407829968,Apartment,4,1772,56068.14,31.64,273,Stale,2022,January,2017,Modern (2016-2022),Awaiting Approval,Semi-Furnished,Yes,No,No,Yes,2
PROP-00206,Sale,Gujarat,Ahmedabad,Tier 2,23.064307655219917,72.60519083748518,Apartment,2,1229,7243496.88,5893.81,190,Stale,2024,January,2024,New (2023-2026),RERA Approved,Unfurnished,No,No,No,Yes,1
PROP-00207,Sale,Telangana,Hyderabad,Tier 1,17.36300373295505,78.52257642793495,Apartment,3,1430,12067798.05,8439.02,135,Moderate,2025,January,2020,Modern (2016-2022),RERA Approved,Fully Furnished,No,No,No,Yes,1
PROP-00208,Rental,Karnataka,Bengaluru,Tier 1,13.007434167679913,77.61943558536657,Apartment,2,984,32359.83,32.89,295,Stale,2026,May,2016,Modern (2016-2022),RERA Approved,Semi-Furnished,Yes,No,Yes,No,2
PROP-00209,Sale,Delhi,Delhi NCR,Tier 1,28.59312182304619,77.20292106012498,Apartment,3,1516,18780455.4,12388.16,281,Stale,2022,November,2012,Vintage (2001-2015),RERA Approved,Fully Furnished,No,No,No,Yes,1
PROP-00210,Sale,Maharashtra,Chhatrapati Sambhajinagar,Tier 2,19.91727701616439,75.35435467550154,Apartment,1,435,2098677.4,4824.55,324,Stale,2025,November,2024,New (2023-2026),Awaiting Approval,Unfurnished,Yes,No,Yes,No,2
PROP-00211,Sale,Karnataka,Bengaluru,Tier 1,12.99699619035968,77.56063654061198,Apartment,4,2097,17092609.38,8150.98,355,Stale,2023,January,2003,Vintage (2001-2015),RERA Approved,Fully Furnished,Yes,Yes,No,Yes,3
PROP-00212,Rental,Karnataka,Bengaluru,Tier 1,13.002090677684144,77.6119645417475,Apartment,2,899,27329.32,30.4,184,Stale,2025,September,2020,Modern (2016-2022),RERA Approved,Unfurnished,No,No,No,Yes,1
PROP-00213,Rental,Maharashtra,Mumbai,Tier 1,19.027800655560046,72.84562532557393,Apartment,2,1010,44218.51,43.78,294,Stale,2025,June,2005,Vintage (2001-2015),RERA Approved,Unfurnished,Yes,No,No,No,1
PROP-00214,Sale,Gujarat,Ahmedabad,Tier 2,23.068781035707403,72.59079495905101,Apartment,3,1485,6488358.57,4369.27,167,Moderate,2026,March,2021,Modern (2016-2022),RERA Approved,Unfurnished,No,No,No,Yes,1
PROP-00215,Rental,Telangana,Hyderabad,Tier 1,17.407667099207035,78.4596598160754,Apartment,2,1159,23614.99,20.38,275,Stale,2026,April,2021,Modern (2016-2022),RERA Approved,Semi-Furnished,Yes,No,No,Yes,2
PROP-00216,Sale,Delhi,Delhi NCR,Tier 1,28.594375109538614,77.17075513001502,Independent House/Villa,2,1874,23495491.8,12537.62,100,Moderate,2024,June,2004,Vintage (2001-2015),RERA Approved,Fully Furnished,Yes,No,No,No,1
PROP-00217,Sale,Maharashtra,Mumbai,Tier 1,19.108939466485886,72.8442284490143,Apartment,2,911,17017628.84,18680.16,266,Stale,2023,December,2003,Vintage (2001-2015),Awaiting Approval,Semi-Furnished,Yes,Yes,No,No,2
PROP-00218,Rental,Telangana,Hyderabad,Tier 1,17.363152119841494,78.43689921352191,Apartment,3,1494,28330.09,18.96,357,Stale,2025,July,2023,New (2023-2026),RERA Approved,Fully Furnished,Yes,No,No,No,1
PROP-00219,Rental,Telangana,Hyderabad,Tier 1,17.422275383956613,78.50857396178536,Independent House/Villa,2,1598,36914.49,23.1,292,Stale,2022,November,2020,Modern (2016-2022),Awaiting Approval,Semi-Furnished,Yes,Yes,No,Yes,3
PROP-00220,Rental,Delhi,Delhi NCR,Tier 1,28.575158039041195,77.23224010490584,Apartment,1,455,17116.32,37.62,87,Moderate,2025,March,2023,New (2023-2026),RERA Approved,Semi-Furnished,Yes,No,Yes,Yes,3
PROP-00221,Rental,Maharashtra,Chhatrapati Sambhajinagar,Tier 2,19.89656859774608,75.34479333499132,Apartment,2,1169,17696.58,15.14,229,Stale,2023,January,2021,Modern (2016-2022),RERA Approved,Fully Furnished,Yes,No,Yes,No,2
PROP-00222,Sale,Maharashtra,Mumbai,Tier 1,19.080069847664493,72.84383628010555,Apartment,2,1132,28279197.13,24981.62,227,Stale,2025,April,2023,New (2023-2026),RERA Approved,Unfurnished,Yes,Yes,No,Yes,3
PROP-00223,Sale,Karnataka,Bengaluru,Tier 1,12.931253447019545,77.55295543375107,Builder Floor,1,648,5027292.76,7758.17,122,Moderate,2024,September,2022,Modern (2016-2022),RERA Approved,Semi-Furnished,Yes,Yes,No,No,2
PROP-00224,Sale,Maharashtra,Chhatrapati Sambhajinagar,Tier 2,19.850389382825885,75.29521289664373,Independent House/Villa,2,1594,7665539.77,4809.0,196,Stale,2022,October,2002,Vintage (2001-2015),RERA Approved,Fully Furnished,Yes,No,No,Yes,2
PROP-00225,Sale,Karnataka,Bengaluru,Tier 1,12.922840403627731,77.56117481769652,Apartment,2,892,8383455.92,9398.49,83,Moderate,2022,August,2022,Modern (2016-2022),RERA Approved,Fully Furnished,Yes,No,No,Yes,2
PROP-00226,Sale,Maharashtra,Pune,Tier 1,18.51727679654645,73.89578555349831,Independent House/Villa,1,1211,11334063.74,9359.26,82,Moderate,2022,September,2017,Modern (2016-2022),RERA Approved,Fully Furnished,Yes,Yes,No,No,2
PROP-00227,Rental,Karnataka,Bengaluru,Tier 1,12.951726526076001,77.56875368417016,Apartment,2,898,26011.28,28.97,151,Moderate,2024,December,2023,New (2023-2026),RERA Approved,Fully Furnished,No,No,No,Yes,1
PROP-00228,Sale,Delhi,Delhi NCR,Tier 1,28.623735748429777,77.19442713272173,Apartment,3,1866,22922756.53,12284.44,111,Moderate,2025,August,2023,New (2023-2026),RERA Approved,Unfurnished,Yes,No,No,Yes,2
PROP-00229,Rental,Maharashtra,Chhatrapati Sambhajinagar,Tier 2,19.855923780770862,75.30383454844814,Apartment,1,581,9385.09,16.15,275,Stale,2026,January,2026,New (2023-2026),RERA Approved,Fully Furnished,No,Yes,No,Yes,2
PROP-00230,Rental,Karnataka,Bengaluru,Tier 1,12.951591911150699,77.56683613047481,Apartment,2,1006,33325.18,33.13,248,Stale,2025,June,2023,New (2023-2026),RERA Approved,Semi-Furnished,Yes,No,No,Yes,2
PROP-00231,Rental,Rajasthan,Jaipur,Tier 2,26.936719319873163,75.78922245707803,Independent House/Villa,3,2270,35924.71,15.83,77,Moderate,2023,November,2013,Vintage (2001-2015),RERA Approved,Fully Furnished,Yes,No,Yes,Yes,3
PROP-00232,Sale,Delhi,Delhi NCR,Tier 1,28.568714283597835,77.21977526830956,Apartment,2,1214,10833190.32,8923.55,361,Stale,2023,December,2003,Vintage (2001-2015),RERA Approved,Semi-Furnished,No,No,No,Yes,1
PROP-00233,Sale,Delhi,Delhi NCR,Tier 1,28.654189499519198,77.18353523141663,Apartment,3,1607,17731930.22,11034.18,358,Stale,2022,August,2021,Modern (2016-2022),RERA Approved,Semi-Furnished,Yes,No,No,Yes,2
PROP-00234,Sale,Maharashtra,Mumbai,Tier 1,19.111226387439118,72.83347321592251,Builder Floor,2,1103,18341150.71,16628.42,30,Fast,2025,October,2020,Modern (2016-2022),Non-RERA / NA,Semi-Furnished,Yes,Yes,No,No,2
PROP-00235,Sale,Telangana,Hyderabad,Tier 1,17.40178046832264,78.47580328691274,Apartment,2,1001,6882293.51,6875.42,214,Stale,2024,April,2019,Modern (2016-2022),Awaiting Approval,Semi-Furnished,Yes,No,Yes,Yes,3
PROP-00236,Rental,Delhi,Delhi NCR,Tier 1,28.62322215701074,77.18242033709264,Apartment,1,593,16733.64,28.22,96,Moderate,2025,June,2005,Vintage (2001-2015),RERA Approved,Unfurnished,Yes,Yes,No,No,2
PROP-00237,Sale,Rajasthan,Jaipur,Tier 2,26.951630249813967,75.75925539232298,Apartment,3,1661,7163191.44,4312.58,129,Moderate,2023,May,2013,Vintage (2001-2015),RERA Approved,Fully Furnished,Yes,No,No,Yes,2
PROP-00238,Sale,Karnataka,Bengaluru,Tier 1,12.940133017952872,77.64058628027135,Independent House/Villa,3,2331,21444035.22,9199.5,77,Moderate,2023,May,2018,Modern (2016-2022),RERA Approved,Fully Furnished,Yes,No,Yes,Yes,3
PROP-00239,Rental,Maharashtra,Chhatrapati Sambhajinagar,Tier 2,19.834096916219085,75.35493004859258,Independent House/Villa,1,1316,15940.48,12.11,127,Moderate,2024,June,2019,Modern (2016-2022),Awaiting Approval,Unfurnished,Yes,No,No,Yes,2
PROP-00240,Sale,Maharashtra,Mumbai,Tier 1,19.049951016990953,72.88338784431721,Apartment,2,1207,25496175.4,21123.59,313,Stale,2023,August,2013,Vintage (2001-2015),RERA Approved,Semi-Furnished,Yes,No,No,No,1
PROP-00241,Rental,Rajasthan,Jaipur,Tier 2,26.94185782787002,75.77887751035233,Independent House/Villa,4,3166,48494.87,15.32,188,Stale,2024,January,2024,New (2023-2026),RERA Approved,Semi-Furnished,No,No,No,No,0
PROP-00242,Rental,Gujarat,Ahmedabad,Tier 2,22.97596702667265,72.56429443334301,Apartment,2,887,15682.3,17.68,191,Stale,2025,November,2023,New (2023-2026),RERA Approved,Semi-Furnished,Yes,No,No,No,1
PROP-00243,Rental,Gujarat,Ahmedabad,Tier 2,23.03078068350835,72.57549050038381,Independent House/Villa,2,1708,30828.21,18.05,202,Stale,2023,March,2003,Vintage (2001-2015),RERA Approved,Unfurnished,Yes,No,No,Yes,2
PROP-00244,Sale,Gujarat,Ahmedabad,Tier 2,23.07204375161913,72.5910429807036,Apartment,4,2292,9547867.08,4165.74,82,Moderate,2023,November,2013,Vintage (2001-2015),RERA Approved,Fully Furnished,No,Yes,No,Yes,2
PROP-00245,Sale,Telangana,Hyderabad,Tier 1,17.420569609383755,78.50691460961818,Apartment,3,1729,11476560.6,6637.69,352,Stale,2023,October,2018,Modern (2016-2022),RERA Approved,Semi-Furnished,Yes,Yes,No,No,2
PROP-00246,Rental,Maharashtra,Pune,Tier 1,18.522544568904358,73.82386939077055,Builder Floor,2,1311,27050.42,20.63,190,Stale,2024,January,2019,Modern (2016-2022),RERA Approved,Semi-Furnished,Yes,No,No,No,1
PROP-00247,Sale,Maharashtra,Mumbai,Tier 1,19.032364090928663,72.87771127520767,Apartment,3,1375,31441054.81,22866.22,348,Stale,2024,March,2022,Modern (2016-2022),RERA Approved,Semi-Furnished,Yes,No,No,No,1
PROP-00248,Rental,Maharashtra,Mumbai,Tier 1,19.109137351438573,72.86889580950341,Apartment,3,1753,101494.45,57.9,257,Stale,2022,December,2017,Modern (2016-2022),RERA Approved,Unfurnished,Yes,No,Yes,Yes,3
PROP-00249,Rental,Rajasthan,Jaipur,Tier 2,26.922297850817724,75.82435269662695,Apartment,2,1138,15419.55,13.55,17,Fast,2022,July,2017,Modern (2016-2022),RERA Approved,Semi-Furnished,Yes,No,No,No,1
PROP-00250,Rental,Maharashtra,Pune,Tier 1,18.481893299705956,73.86984189212184,Builder Floor,2,1061,24869.63,23.44,303,Stale,2024,May,2022,Modern (2016-2022),RERA Approved,Unfurnished,Yes,No,No,Yes,2
PROP-00251,Sale,Gujarat,Ahmedabad,Tier 2,22.981885728482336,72.5746504066416,Apartment,2,1035,6216084.85,6005.88,80,Moderate,2022,May,2012,Vintage (2001-2015),Awaiting Approval,Unfurnished,No,No,No,Yes,1
PROP-00252,Sale,Karnataka,Bengaluru,Tier 1,13.01256268194366,77.55613946421789,Apartment,4,1839,16785845.69,9127.7,55,Fast,2024,April,2004,Vintage (2001-2015),RERA Approved,Semi-Furnished,No,No,No,Yes,1
PROP-00253,Rental,Maharashtra,Mumbai,Tier 1,19.092920026293807,72.88826378893235,Apartment,3,1477,80906.56,54.78,279,Stale,2023,October,2022,Modern (2016-2022),RERA Approved,Fully Furnished,No,No,No,Yes,1
PROP-00254,Sale,Maharashtra,Mumbai,Tier 1,19.108928679931676,72.83942039056802,Apartment,1,428,7756997.04,18123.82,153,Moderate,2026,January,2021,Modern (2016-2022),RERA Approved,Semi-Furnished,Yes,No,Yes,No,2
PROP-00255,Sale,Telangana,Hyderabad,Tier 1,17.422897890028228,78.47042065755657,Apartment,3,1515,9625227.91,6353.29,223,Stale,2022,May,2020,Modern (2016-2022),Awaiting Approval,Unfurnished,Yes,No,Yes,No,2
PROP-00256,Sale,Karnataka,Bengaluru,Tier 1,12.978777235204833,77.55888419648143,Independent House/Villa,2,1711,20361778.27,11900.51,126,Moderate,2023,September,2018,Modern (2016-2022),Awaiting Approval,Semi-Furnished,Yes,No,No,No,1
PROP-00257,Rental,Delhi,Delhi NCR,Tier 1,28.615644635175506,77.22820736470244,Builder Floor,1,768,25145.12,32.74,215,Stale,2025,July,2024,New (2023-2026),RERA Approved,Fully Furnished,Yes,No,No,No,1
PROP-00258,Rental,Karnataka,Bengaluru,Tier 1,12.9646427410321,77.56522521138362,Apartment,2,1115,33789.59,30.3,284,Stale,2022,March,2017,Modern (2016-2022),RERA Approved,Semi-Furnished,Yes,No,No,Yes,2
PROP-00259,Sale,Maharashtra,Mumbai,Tier 1,19.057694658779113,72.86688593731881,Apartment,2,1184,23856013.07,20148.66,30,Fast,2023,May,2003,Vintage (2001-2015),RERA Approved,Fully Furnished,Yes,No,No,No,1
PROP-00260,Sale,Maharashtra,Pune,Tier 1,18.51385959608587,73.89626747776188,Apartment,3,1404,11057096.94,7875.43,177,Moderate,2022,February,2020,Modern (2016-2022),RERA Approved,Semi-Furnished,No,No,No,Yes,1
PROP-00261,Rental,Delhi,Delhi NCR,Tier 1,28.641287965573017,77.1794316383399,Apartment,2,898,31073.49,34.6,160,Moderate,2025,August,2005,Vintage (2001-2015),RERA Approved,Semi-Furnished,Yes,Yes,No,No,2
PROP-00262,Rental,Gujarat,Ahmedabad,Tier 2,23.032692343101512,72.57218050639588,Builder Floor,3,2024,30248.31,14.94,242,Stale,2024,October,1984,Mature (Pre-2001),Non-RERA / NA,Unfurnished,Yes,No,No,No,1
PROP-00263,Sale,Delhi,Delhi NCR,Tier 1,28.653152328995485,77.2009271661166,Apartment,2,912,8797768.71,9646.68,86,Moderate,2024,July,2023,New (2023-2026),RERA Approved,Semi-Furnished,No,No,Yes,No,1
PROP-00264,Sale,Karnataka,Bengaluru,Tier 1,12.96593800143792,77.54641240410457,Apartment,1,619,6609354.46,10677.47,360,Stale,2024,September,2023,New (2023-2026),Non-RERA / NA,Semi-Furnished,Yes,No,No,Yes,2
PROP-00265,Rental,Maharashtra,Mumbai,Tier 1,19.086708957871878,72.90697581135728,Independent House/Villa,4,3086,140604.2,45.56,277,Stale,2025,February,1985,Mature (Pre-2001),Awaiting Approval,Semi-Furnished,Yes,No,No,No,1
PROP-00266,Rental,Maharashtra,Mumbai,Tier 1,19.0891307553092,72.83460459063147,Apartment,2,1050,58565.79,55.78,72,Moderate,2025,May,1985,Mature (Pre-2001),RERA Approved,Fully Furnished,Yes,Yes,Yes,Yes,4
PROP-00267,Rental,Karnataka,Bengaluru,Tier 1,12.980769716230633,77.5920255020977,Apartment,2,1242,39333.6,31.67,48,Fast,2025,October,2025,New (2023-2026),Non-RERA / NA,Fully Furnished,Yes,Yes,No,Yes,3
PROP-00268,Rental,Karnataka,Bengaluru,Tier 1,12.991863377308553,77.6006678294939,Apartment,2,888,29969.28,33.75,65,Moderate,2023,January,2023,New (2023-2026),RERA Approved,Unfurnished,No,Yes,Yes,No,2
PROP-00269,Sale,Maharashtra,Pune,Tier 1,18.49414334683748,73.86954264566147,Independent House/Villa,3,2039,19521407.25,9574.01,127,Moderate,2025,December,2024,New (2023-2026),RERA Approved,Unfurnished,Yes,No,Yes,Yes,3
PROP-00270,Sale,Delhi,Delhi NCR,Tier 1,28.61513637775458,77.22786316293079,Builder Floor,2,1326,13284900.7,10018.78,353,Stale,2024,July,1984,Mature (Pre-2001),RERA Approved,Semi-Furnished,Yes,No,No,No,1
PROP-00271,Rental,Telangana,Hyderabad,Tier 1,17.345422480280835,78.46202723835228,Apartment,1,495,12691.78,25.64,200,Stale,2024,October,2023,New (2023-2026),RERA Approved,Unfurnished,Yes,No,No,Yes,2
PROP-00272,Rental,Rajasthan,Jaipur,Tier 2,26.900851132764483,75.73829787766584,Builder Floor,1,854,15136.03,17.72,334,Stale,2022,September,2017,Modern (2016-2022),RERA Approved,Semi-Furnished,Yes,No,No,Yes,2
PROP-00273,Rental,Gujarat,Ahmedabad,Tier 2,23.02126670686213,72.59374436623548,Apartment,2,876,16212.46,18.51,327,Stale,2024,June,2014,Vintage (2001-2015),RERA Approved,Fully Furnished,Yes,Yes,No,No,2
PROP-00274,Rental,Maharashtra,Mumbai,Tier 1,19.091222425954548,72.88126565993477,Apartment,3,1604,80705.56,50.32,115,Moderate,2022,June,2022,Modern (2016-2022),RERA Approved,Fully Furnished,Yes,No,No,Yes,2
PROP-00275,Sale,Karnataka,Bengaluru,Tier 1,13.016653105258621,77.62821177032072,Apartment,2,1086,9360502.52,8619.25,262,Stale,2024,November,2019,Modern (2016-2022),RERA Approved,Semi-Furnished,Yes,Yes,No,Yes,3
PROP-00276,Sale,Maharashtra,Mumbai,Tier 1,19.086065106654836,72.90983883629008,Apartment,2,1111,23851903.78,21468.86,93,Moderate,2025,November,2023,New (2023-2026),RERA Approved,Fully Furnished,Yes,No,No,Yes,2
PROP-00277,Rental,Delhi,Delhi NCR,Tier 1,28.638259391617655,77.24333261677879,Apartment,1,476,17920.14,37.65,202,Stale,2026,February,2006,Vintage (2001-2015),Awaiting Approval,Semi-Furnished,Yes,No,Yes,Yes,3
PROP-00278,Rental,Maharashtra,Chhatrapati Sambhajinagar,Tier 2,19.87682660594952,75.34180946599795,Apartment,2,995,16190.11,16.27,286,Stale,2024,November,2022,Modern (2016-2022),RERA Approved,Unfurnished,Yes,No,No,No,1
PROP-00279,Rental,Maharashtra,Mumbai,Tier 1,19.089410403137634,72.8610628395837,Apartment,4,2374,103077.2,43.42,204,Stale,2023,December,2018,Modern (2016-2022),RERA Approved,Semi-Furnished,Yes,No,No,Yes,2
PROP-00280,Rental,Karnataka,Bengaluru,Tier 1,12.928693221613377,77.62375582025913,Apartment,2,927,23669.56,25.53,103,Moderate,2025,January,2020,Modern (2016-2022),RERA Approved,Semi-Furnished,No,No,No,No,0
PROP-00281,Rental,Maharashtra,Pune,Tier 1,18.495839158084184,73.85182941130293,Apartment,4,2361,58110.63,24.61,31,Fast,2023,April,2022,Modern (2016-2022),RERA Approved,Semi-Furnished,No,Yes,Yes,No,2
PROP-00282,Sale,Telangana,Hyderabad,Tier 1,17.371185309320516,78.45504421964034,Independent House/Villa,2,1720,20057146.91,11661.13,93,Moderate,2023,June,2023,New (2023-2026),RERA Approved,Unfurnished,Yes,Yes,Yes,Yes,4
PROP-00283,Sale,Maharashtra,Pune,Tier 1,18.51764933550065,73.89219740195615,Apartment,1,577,4600416.99,7972.99,150,Moderate,2025,May,2023,New (2023-2026),RERA Approved,Semi-Furnished,No,No,No,No,0
PROP-00284,Sale,Maharashtra,Mumbai,Tier 1,19.03056487455024,72.91595598767724,Apartment,3,1703,31995668.47,18787.83,186,Stale,2026,March,2024,New (2023-2026),RERA Approved,Semi-Furnished,Yes,No,No,No,1
PROP-00285,Sale,Delhi,Delhi NCR,Tier 1,28.577902409755332,77.20563097561401,Apartment,2,933,8071035.88,8650.63,261,Stale,2024,July,2014,Vintage (2001-2015),RERA Approved,Fully Furnished,Yes,Yes,No,Yes,3
PROP-00286,Sale,Karnataka,Bengaluru,Tier 1,12.94928143077913,77.55216997273098,Apartment,3,1616,15116813.65,9354.46,193,Stale,2023,February,2013,Vintage (2001-2015),Non-RERA / NA,Semi-Furnished,Yes,No,No,Yes,2
PROP-00287,Sale,Maharashtra,Mumbai,Tier 1,19.123153269090107,72.8664826089917,Builder Floor,4,2633,43407265.39,16485.86,244,Stale,2025,May,2020,Modern (2016-2022),RERA Approved,Semi-Furnished,Yes,No,No,Yes,2
PROP-00288,Sale,Delhi,Delhi NCR,Tier 1,28.597034700710307,77.23935376594626,Apartment,1,511,6145379.41,12026.18,363,Stale,2023,September,2018,Modern (2016-2022),RERA Approved,Semi-Furnished,Yes,No,No,No,1
PROP-00289,Sale,Maharashtra,Mumbai,Tier 1,19.07420410581121,72.91787740285463,Apartment,1,618,13608097.14,22019.57,200,Stale,2025,March,2020,Modern (2016-2022),RERA Approved,Unfurnished,Yes,No,No,No,1
PROP-00290,Sale,Maharashtra,Mumbai,Tier 1,19.04560977127384,72.84804727424977,Independent House/Villa,3,2164,50082834.55,23143.64,301,Stale,2024,May,2014,Vintage (2001-2015),RERA Approved,Semi-Furnished,No,No,No,Yes,1
PROP-00291,Sale,Karnataka,Bengaluru,Tier 1,12.982678007107577,77.55129736120253,Apartment,2,907,7361976.71,8116.84,169,Moderate,2022,April,2020,Modern (2016-2022),RERA Approved,Fully Furnished,No,No,No,No,0
PROP-00292,Sale,Maharashtra,Mumbai,Tier 1,19.054068321551597,72.91543504531329,Apartment,1,502,11734296.54,23375.09,311,Stale,2024,May,2022,Modern (2016-2022),RERA Approved,Semi-Furnished,Yes,No,No,No,1
PROP-00293,Rental,Maharashtra,Pune,Tier 1,18.491099257843842,73.84564049389789,Apartment,1,615,13584.1,22.09,275,Stale,2024,April,2022,Modern (2016-2022),RERA Approved,Fully Furnished,Yes,No,No,No,1
PROP-00294,Sale,Telangana,Hyderabad,Tier 1,17.3866572628446,78.49087609642676,Builder Floor,1,684,4274786.23,6249.69,12,Fast,2025,June,2020,Modern (2016-2022),RERA Approved,Unfurnished,Yes,No,No,No,1
PROP-00295,Sale,Gujarat,Ahmedabad,Tier 2,22.97305057991604,72.61820658120507,Apartment,3,1795,11075598.32,6170.25,42,Fast,2024,January,2022,Modern (2016-2022),RERA Approved,Unfurnished,Yes,No,No,Yes,2
PROP-00296,Sale,Delhi,Delhi NCR,Tier 1,28.564666403264923,77.16565647279143,Apartment,1,601,7428018.12,12359.43,118,Moderate,2022,June,2020,Modern (2016-2022),Awaiting Approval,Fully Furnished,Yes,Yes,No,No,2
PROP-00297,Rental,Maharashtra,Mumbai,Tier 1,19.047906880910187,72.89253180074522,Apartment,2,990,56690.33,57.26,343,Stale,2025,April,2025,New (2023-2026),RERA Approved,Fully Furnished,Yes,Yes,No,No,2
PROP-00298,Sale,Maharashtra,Mumbai,Tier 1,19.02967213625008,72.8351105422575,Apartment,2,883,14837061.45,16803.01,60,Moderate,2023,May,2013,Vintage (2001-2015),RERA Approved,Fully Furnished,Yes,No,No,No,1
PROP-00299,Rental,Maharashtra,Pune,Tier 1,18.481202575413068,73.84424689284666,Apartment,2,1139,23645.01,20.76,363,Stale,2023,July,2022,Modern (2016-2022),RERA Approved,Semi-Furnished,No,No,No,Yes,1
PROP-00300,Sale,Telangana,Hyderabad,Tier 1,17.368886064933875,78.51708145451934,Apartment,1,487,2779486.13,5707.36,142,Moderate,2025,July,2024,New (2023-2026),RERA Approved,Fully Furnished,Yes,No,No,Yes,2
PROP-00301,Sale,Maharashtra,Mumbai,Tier 1,19.106258567957983,72.87104722327557,Apartment,3,1744,32294307.95,18517.38,106,Moderate,2025,October,2023,New (2023-2026),RERA Approved,Fully Furnished,Yes,Yes,No,Yes,3
PROP-00302,Sale,Maharashtra,Chhatrapati Sambhajinagar,Tier 2,19.88340486433693,75.3930182353903,Builder Floor,1,718,4009380.95,5584.1,338,Stale,2023,January,2022,Modern (2016-2022),RERA Approved,Fully Furnished,Yes,No,Yes,Yes,3
PROP-00303,Sale,Maharashtra,Mumbai,Tier 1,19.077266772595642,72.88360592849466,Independent House/Villa,3,2192,45302746.85,20667.31,181,Stale,2024,May,2019,Modern (2016-2022),RERA Approved,Semi-Furnished,Yes,No,No,No,1
PROP-00304,Rental,Maharashtra,Pune,Tier 1,18.499748882320812,73.8388162152636,Apartment,3,1741,45476.23,26.12,173,Moderate,2024,June,2022,Modern (2016-2022),RERA Approved,Semi-Furnished,No,No,No,Yes,1
PROP-00305,Rental,Telangana,Hyderabad,Tier 1,17.428175371943283,78.45871113259048,Independent House/Villa,2,1604,32940.53,20.54,343,Stale,2026,April,2024,New (2023-2026),RERA Approved,Fully Furnished,Yes,Yes,No,No,2
PROP-00306,Rental,Rajasthan,Jaipur,Tier 2,26.90210150412372,75.77235205342862,Apartment,2,1027,14494.71,14.11,290,Stale,2025,April,2020,Modern (2016-2022),Non-RERA / NA,Semi-Furnished,No,No,No,No,0
PROP-00307,Sale,Telangana,Hyderabad,Tier 1,17.34370927667958,78.47395332737595,Apartment,2,1000,8731088.54,8731.09,265,Stale,2024,September,2023,New (2023-2026),RERA Approved,Semi-Furnished,No,Yes,No,No,1
PROP-00308,Sale,Gujarat,Ahmedabad,Tier 2,23.034206651611782,72.52827136777239,Apartment,2,996,4464960.94,4482.89,227,Stale,2023,September,2022,Modern (2016-2022),RERA Approved,Semi-Furnished,Yes,No,No,Yes,2
PROP-00309,Rental,Delhi,Delhi NCR,Tier 1,28.575283839347662,77.19595741994269,Independent House/Villa,3,2226,67351.15,30.26,203,Stale,2022,November,2002,Vintage (2001-2015),Awaiting Approval,Semi-Furnished,Yes,No,Yes,No,2
PROP-00310,Sale,Gujarat,Ahmedabad,Tier 2,23.00702231428017,72.56782385197391,Independent House/Villa,3,2464,12647552.79,5132.94,215,Stale,2025,September,2023,New (2023-2026),RERA Approved,Semi-Furnished,No,No,No,No,0
PROP-00311,Sale,Maharashtra,Mumbai,Tier 1,19.076741193871783,72.89997377522388,Apartment,2,994,15294305.13,15386.62,291,Stale,2022,February,2020,Modern (2016-2022),RERA Approved,Unfurnished,No,No,No,No,0
PROP-00312,Sale,Rajasthan,Jaipur,Tier 2,26.94982225246852,75.80297294847216,Builder Floor,2,1271,5737511.78,4514.17,184,Stale,2024,September,2024,New (2023-2026),RERA Approved,Fully Furnished,Yes,No,No,Yes,2
PROP-00313,Sale,Maharashtra,Pune,Tier 1,18.51975465803401,73.87757656552292,Apartment,4,2236,16724051.78,7479.45,254,Stale,2022,November,2017,Modern (2016-2022),RERA Approved,Semi-Furnished,Yes,No,No,Yes,2
PROP-00314,Rental,Gujarat,Ahmedabad,Tier 2,23.042725876603168,72.52223636818768,Builder Floor,4,2107,38500.93,18.27,235,Stale,2022,May,2017,Modern (2016-2022),RERA Approved,Semi-Furnished,Yes,No,No,Yes,2
PROP-00315,Rental,Karnataka,Bengaluru,Tier 1,13.020881683899907,77.56636673995806,Builder Floor,2,1153,36642.36,31.78,27,Fast,2023,December,2018,Modern (2016-2022),RERA Approved,Unfurnished,Yes,No,No,Yes,2
PROP-00316,Rental,Maharashtra,Pune,Tier 1,18.483548911989796,73.87286842884,Apartment,2,1223,31025.74,25.37,52,Fast,2022,August,2012,Vintage (2001-2015),RERA Approved,Unfurnished,Yes,No,No,Yes,2
PROP-00317,Sale,Karnataka,Bengaluru,Tier 1,12.949073152551952,77.59299893681798,Independent House/Villa,2,1823,14853666.43,8147.92,113,Moderate,2023,August,2022,Modern (2016-2022),RERA Approved,Unfurnished,No,No,No,Yes,1
PROP-00318,Sale,Telangana,Hyderabad,Tier 1,17.374457607559766,78.43723134756684,Apartment,4,2161,16207408.3,7499.96,300,Stale,2025,December,2023,New (2023-2026),RERA Approved,Semi-Furnished,Yes,No,No,No,1
PROP-00319,Sale,Maharashtra,Mumbai,Tier 1,19.068182817853884,72.90814946424318,Apartment,1,554,9244231.56,16686.34,10,Fast,2023,May,2013,Vintage (2001-2015),Awaiting Approval,Unfurnished,Yes,Yes,No,Yes,3
PROP-00320,Sale,Maharashtra,Mumbai,Tier 1,19.067102107526555,72.90498095732904,Apartment,2,861,19235490.57,22340.87,42,Fast,2023,August,2003,Vintage (2001-2015),RERA Approved,Fully Furnished,Yes,Yes,No,Yes,3
PROP-00321,Sale,Delhi,Delhi NCR,Tier 1,28.654661100255655,77.21384191629936,Apartment,2,1097,13335526.19,12156.36,173,Moderate,2022,October,2021,Modern (2016-2022),RERA Approved,Unfurnished,Yes,Yes,Yes,No,3
PROP-00322,Rental,Maharashtra,Mumbai,Tier 1,19.097403264446687,72.83434633257764,Builder Floor,2,1264,59189.32,46.83,360,Stale,2026,January,2021,Modern (2016-2022),RERA Approved,Unfurnished,Yes,No,Yes,Yes,3
PROP-00323,Rental,Rajasthan,Jaipur,Tier 2,26.923190521409072,75.81395150495327,Independent House/Villa,2,1709,29305.71,17.15,287,Stale,2022,August,2021,Modern (2016-2022),RERA Approved,Unfurnished,No,Yes,No,No,1
PROP-00324,Sale,Delhi,Delhi NCR,Tier 1,28.59483727178628,77.21737135877314,Apartment,4,1987,25596269.18,12881.87,207,Stale,2024,November,2024,New (2023-2026),RERA Approved,Unfurnished,Yes,No,No,Yes,2
PROP-00325,Rental,Maharashtra,Chhatrapati Sambhajinagar,Tier 2,19.90857903842213,75.3714959977158,Independent House/Villa,1,970,16005.29,16.5,329,Stale,2022,May,2020,Modern (2016-2022),RERA Approved,Semi-Furnished,Yes,No,No,Yes,2
PROP-00326,Rental,Delhi,Delhi NCR,Tier 1,28.6594060511485,77.23417469923959,Builder Floor,2,1112,32686.8,29.39,317,Stale,2022,July,2021,Modern (2016-2022),Non-RERA / NA,Fully Furnished,Yes,No,No,Yes,2
PROP-00327,Sale,Maharashtra,Mumbai,Tier 1,19.108119828255024,72.90800020719578,Apartment,1,615,12587191.84,20466.98,277,Stale,2026,March,2016,Modern (2016-2022),RERA Approved,Semi-Furnished,Yes,No,No,No,1
PROP-00328,Rental,Gujarat,Ahmedabad,Tier 2,22.972656510519148,72.57320080664046,Builder Floor,1,709,13965.88,19.7,248,Stale,2023,October,2018,Modern (2016-2022),RERA Approved,Unfurnished,Yes,No,No,Yes,2
PROP-00329,Sale,Telangana,Hyderabad,Tier 1,17.398640137018344,78.45073245181935,Apartment,2,1036,6984228.38,6741.53,331,Stale,2022,January,2021,Modern (2016-2022),RERA Approved,Unfurnished,Yes,Yes,No,No,2
PROP-00330,Sale,Karnataka,Bengaluru,Tier 1,12.926713538144211,77.61171574733797,Independent House/Villa,2,1393,17475775.95,12545.42,51,Fast,2023,July,2023,New (2023-2026),RERA Approved,Semi-Furnished,Yes,No,No,Yes,2
PROP-00331,Sale,Maharashtra,Pune,Tier 1,18.49616072203337,73.8687473785052,Apartment,2,865,5262500.84,6083.82,253,Stale,2025,January,2015,Vintage (2001-2015),RERA Approved,Fully Furnished,Yes,No,No,Yes,2
PROP-00332,Rental,Telangana,Hyderabad,Tier 1,17.34095247003478,78.51092531871991,Apartment,2,1136,20118.95,17.71,83,Moderate,2023,December,2022,Modern (2016-2022),RERA Approved,Unfurnished,Yes,No,No,No,1
PROP-00333,Sale,Delhi,Delhi NCR,Tier 1,28.62427954529494,77.17598810060508,Apartment,1,532,6678550.33,12553.67,114,Moderate,2023,February,2018,Modern (2016-2022),Awaiting Approval,Semi-Furnished,Yes,Yes,No,Yes,3
PROP-00334,Sale,Maharashtra,Chhatrapati Sambhajinagar,Tier 2,19.89485899134926,75.31279751999003,Apartment,2,1053,5221869.04,4959.04,17,Fast,2023,June,2021,Modern (2016-2022),RERA Approved,Semi-Furnished,No,No,No,No,0
PROP-00335,Sale,Maharashtra,Chhatrapati Sambhajinagar,Tier 2,19.83764876380659,75.38234095172193,Apartment,4,1894,10262071.3,5418.2,94,Moderate,2023,March,2018,Modern (2016-2022),RERA Approved,Unfurnished,Yes,No,No,Yes,2
PROP-00336,Sale,Telangana,Hyderabad,Tier 1,17.3733838883045,78.5116977798452,Apartment,4,2295,20380504.69,8880.39,346,Stale,2022,August,2020,Modern (2016-2022),RERA Approved,Semi-Furnished,Yes,No,No,Yes,2
PROP-00337,Rental,Maharashtra,Mumbai,Tier 1,19.071623650895553,72.91852284887004,Apartment,2,917,39983.12,43.6,352,Stale,2022,December,2022,Modern (2016-2022),RERA Approved,Unfurnished,Yes,Yes,No,No,2
PROP-00338,Rental,Telangana,Hyderabad,Tier 1,17.371905302176092,78.5125715321164,Builder Floor,2,1111,21786.84,19.61,284,Stale,2026,February,2025,New (2023-2026),RERA Approved,Semi-Furnished,Yes,No,No,No,1
PROP-00339,Sale,Maharashtra,Mumbai,Tier 1,19.03810250004852,72.88741553059903,Apartment,4,2068,50327274.48,24336.21,225,Stale,2023,January,2022,Modern (2016-2022),Awaiting Approval,Unfurnished,Yes,No,No,Yes,2
PROP-00340,Sale,Maharashtra,Mumbai,Tier 1,19.067894779018747,72.8931132737028,Apartment,1,482,8018036.65,16634.93,77,Moderate,2025,October,2023,New (2023-2026),Non-RERA / NA,Semi-Furnished,Yes,No,No,No,1
PROP-00341,Sale,Delhi,Delhi NCR,Tier 1,28.639017804780842,77.247912792394,Apartment,3,1423,17277297.16,12141.46,238,Stale,2023,February,2018,Modern (2016-2022),RERA Approved,Unfurnished,Yes,No,Yes,Yes,3
PROP-00342,Sale,Karnataka,Bengaluru,Tier 1,12.928700766453327,77.60248067545119,Apartment,4,2216,19639800.99,8862.73,264,Stale,2024,July,2022,Modern (2016-2022),RERA Approved,Fully Furnished,Yes,No,No,No,1
PROP-00343,Sale,Rajasthan,Jaipur,Tier 2,26.870418001408193,75.80053913243285,Independent House/Villa,1,1221,4932430.75,4039.66,117,Moderate,2024,December,2024,New (2023-2026),Awaiting Approval,Unfurnished,No,No,No,No,0
PROP-00344,Sale,Telangana,Hyderabad,Tier 1,17.370477129183598,78.45234767160036,Independent House/Villa,1,1297,10299127.52,7940.73,50,Fast,2022,March,2017,Modern (2016-2022),RERA Approved,Fully Furnished,Yes,No,No,Yes,2
PROP-00345,Sale,Telangana,Hyderabad,Tier 1,17.429172571161892,78.4840921220116,Apartment,4,2034,15698727.0,7718.15,278,Stale,2022,February,2017,Modern (2016-2022),RERA Approved,Fully Furnished,Yes,No,Yes,Yes,3
PROP-00346,Rental,Karnataka,Bengaluru,Tier 1,12.988457264672292,77.6162397111958,Apartment,2,879,29311.42,33.35,47,Fast,2024,December,1984,Mature (Pre-2001),RERA Approved,Fully Furnished,Yes,Yes,No,Yes,3
PROP-00347,Rental,Delhi,Delhi NCR,Tier 1,28.631766995667256,77.18609426983164,Independent House/Villa,1,1055,34808.05,32.99,212,Stale,2023,October,2018,Modern (2016-2022),RERA Approved,Semi-Furnished,No,No,No,Yes,1
PROP-00348,Sale,Delhi,Delhi NCR,Tier 1,28.600091999083787,77.17922541805245,Apartment,2,1242,13632319.7,10976.1,353,Stale,2024,May,2019,Modern (2016-2022),RERA Approved,Semi-Furnished,No,No,No,Yes,1
PROP-00349,Sale,Maharashtra,Chhatrapati Sambhajinagar,Tier 2,19.885566079120853,75.32468268082243,Independent House/Villa,2,1741,10299483.06,5915.84,107,Moderate,2024,January,2019,Modern (2016-2022),Awaiting Approval,Semi-Furnished,Yes,Yes,Yes,No,3
PROP-00350,Rental,Maharashtra,Mumbai,Tier 1,19.027013118402774,72.85185006279929,Apartment,3,1700,77131.32,45.37,128,Moderate,2023,September,2003,Vintage (2001-2015),Awaiting Approval,Unfurnished,Yes,No,No,No,1
PROP-00351,Sale,Rajasthan,Jaipur,Tier 2,26.926009604640956,75.75879126370364,Independent House/Villa,3,1791,7981202.51,4456.28,14,Fast,2026,February,2016,Modern (2016-2022),RERA Approved,Semi-Furnished,Yes,No,No,Yes,2
PROP-00352,Rental,Maharashtra,Pune,Tier 1,18.561728694757623,73.84918508428682,Apartment,4,2114,50913.28,24.08,333,Stale,2023,April,2021,Modern (2016-2022),RERA Approved,Unfurnished,Yes,No,No,Yes,2
PROP-00353,Rental,Karnataka,Bengaluru,Tier 1,12.982857346834482,77.63538385138835,Apartment,2,865,20118.17,23.26,191,Stale,2025,March,2024,New (2023-2026),Awaiting Approval,Fully Furnished,Yes,No,No,Yes,2
PROP-00354,Sale,Telangana,Hyderabad,Tier 1,17.422369859346635,78.48740596467387,Builder Floor,2,1293,8219350.38,6356.81,35,Fast,2022,December,2020,Modern (2016-2022),RERA Approved,Unfurnished,Yes,Yes,No,No,2
PROP-00355,Sale,Karnataka,Bengaluru,Tier 1,12.99399730554661,77.56339203808153,Apartment,2,1218,11090530.09,9105.53,160,Moderate,2023,December,2018,Modern (2016-2022),RERA Approved,Semi-Furnished,Yes,No,Yes,Yes,3
PROP-00356,Rental,Rajasthan,Jaipur,Tier 2,26.87445584164037,75.74499716693809,Apartment,2,1237,19029.67,15.38,64,Moderate,2026,February,2016,Modern (2016-2022),RERA Approved,Semi-Furnished,No,Yes,No,Yes,2
PROP-00357,Sale,Rajasthan,Jaipur,Tier 2,26.952645330728586,75.8069156145138,Apartment,1,533,1822931.69,3420.13,253,Stale,2024,October,2019,Modern (2016-2022),RERA Approved,Semi-Furnished,No,No,No,Yes,1
PROP-00358,Sale,Karnataka,Bengaluru,Tier 1,12.928244384435578,77.58287987644364,Apartment,4,2066,19537624.56,9456.74,274,Stale,2024,June,2024,New (2023-2026),RERA Approved,Semi-Furnished,Yes,No,No,Yes,2
PROP-00359,Rental,Delhi,Delhi NCR,Tier 1,28.617296747254777,77.24118309465854,Apartment,3,1842,59594.19,32.35,221,Stale,2023,November,2013,Vintage (2001-2015),RERA Approved,Unfurnished,Yes,No,No,Yes,2
PROP-00360,Sale,Maharashtra,Pune,Tier 1,18.484613712379346,73.87265107686407,Apartment,2,1119,7098079.15,6343.23,6,Fast,2023,March,2013,Vintage (2001-2015),RERA Approved,Semi-Furnished,No,Yes,No,Yes,2
PROP-00361,Sale,Rajasthan,Jaipur,Tier 2,26.86357066107309,75.81692414505414,Apartment,2,875,4984599.58,5696.69,28,Fast,2023,June,2021,Modern (2016-2022),Awaiting Approval,Unfurnished,Yes,Yes,No,Yes,3
PROP-00362,Rental,Delhi,Delhi NCR,Tier 1,28.606103426012766,77.18619460394184,Apartment,2,1036,27874.75,26.91,210,Stale,2022,May,2017,Modern (2016-2022),RERA Approved,Fully Furnished,Yes,No,No,Yes,2
PROP-00363,Sale,Maharashtra,Pune,Tier 1,18.499904070765414,73.8759358922461,Independent House/Villa,2,1513,17471427.79,11547.54,324,Stale,2022,July,2020,Modern (2016-2022),RERA Approved,Semi-Furnished,Yes,No,Yes,Yes,3
PROP-00364,Sale,Maharashtra,Pune,Tier 1,18.51900004937976,73.83310619846938,Apartment,3,1556,9761121.22,6273.21,203,Stale,2022,January,2002,Vintage (2001-2015),RERA Approved,Fully Furnished,Yes,Yes,No,Yes,3
PROP-00365,Rental,Telangana,Hyderabad,Tier 1,17.392719988673456,78.53060684794502,Apartment,2,1032,27807.49,26.95,360,Stale,2023,March,2013,Vintage (2001-2015),RERA Approved,Unfurnished,Yes,Yes,No,Yes,3
PROP-00366,Sale,Maharashtra,Mumbai,Tier 1,19.030373907230896,72.89133742815334,Independent House/Villa,4,2815,53182136.84,18892.41,118,Moderate,2024,August,2019,Modern (2016-2022),RERA Approved,Unfurnished,Yes,Yes,No,No,2
PROP-00367,Rental,Telangana,Hyderabad,Tier 1,17.347300329512375,78.46915118001753,Apartment,2,992,23793.12,23.98,284,Stale,2023,April,2018,Modern (2016-2022),RERA Approved,Unfurnished,Yes,No,No,No,1
PROP-00368,Rental,Rajasthan,Jaipur,Tier 2,26.918264239645044,75.76425118622923,Apartment,2,915,13761.15,15.04,159,Moderate,2025,July,2005,Vintage (2001-2015),RERA Approved,Unfurnished,Yes,No,No,Yes,2
PROP-00369,Sale,Maharashtra,Mumbai,Tier 1,19.060316735317265,72.84679265850717,Apartment,3,1577,38496120.81,24410.98,169,Moderate,2022,May,2017,Modern (2016-2022),RERA Approved,Unfurnished,Yes,Yes,Yes,Yes,4
PROP-00370,Sale,Delhi,Delhi NCR,Tier 1,28.636817348754946,77.22846409588938,Apartment,1,591,5844175.2,9888.62,226,Stale,2022,August,2020,Modern (2016-2022),Awaiting Approval,Semi-Furnished,Yes,No,No,No,1
PROP-00371,Sale,Maharashtra,Chhatrapati Sambhajinagar,Tier 2,19.891429164859193,75.31517156129979,Apartment,2,1115,4225425.37,3789.62,95,Moderate,2022,September,2012,Vintage (2001-2015),RERA Approved,Unfurnished,No,Yes,No,Yes,2
PROP-00372,Sale,Maharashtra,Mumbai,Tier 1,19.110560436298993,72.88723032659276,Apartment,2,985,22666982.6,23012.17,171,Moderate,2025,February,2024,New (2023-2026),RERA Approved,Semi-Furnished,Yes,No,No,Yes,2
PROP-00373,Sale,Rajasthan,Jaipur,Tier 2,26.931649282666925,75.76376350269254,Apartment,2,1224,4418524.7,3609.91,211,Stale,2025,December,2023,New (2023-2026),RERA Approved,Fully Furnished,Yes,No,No,Yes,2
PROP-00374,Rental,Karnataka,Bengaluru,Tier 1,12.964593107739015,77.61079689447939,Apartment,3,1822,57739.28,31.69,286,Stale,2024,July,2004,Vintage (2001-2015),RERA Approved,Semi-Furnished,Yes,No,No,No,1
PROP-00375,Sale,Delhi,Delhi NCR,Tier 1,28.631196662239443,77.24049397285405,Apartment,2,933,7609372.35,8155.81,69,Moderate,2023,May,2013,Vintage (2001-2015),Non-RERA / NA,Semi-Furnished,Yes,No,No,No,1
PROP-00376,Sale,Rajasthan,Jaipur,Tier 2,26.889938117425544,75.81510252431447,Apartment,3,1298,5829762.69,4491.34,8,Fast,2026,January,2024,New (2023-2026),Awaiting Approval,Semi-Furnished,Yes,No,No,Yes,2
PROP-00377,Rental,Karnataka,Bengaluru,Tier 1,12.952231349877822,77.62068513309308,Apartment,2,1146,35249.55,30.76,161,Moderate,2023,November,2022,Modern (2016-2022),RERA Approved,Semi-Furnished,Yes,No,No,Yes,2
PROP-00378,Sale,Karnataka,Bengaluru,Tier 1,13.00049851599208,77.56337224056922,Independent House/Villa,2,1889,18796090.92,9950.29,253,Stale,2022,June,2020,Modern (2016-2022),RERA Approved,Unfurnished,Yes,No,No,No,1
PROP-00379,Rental,Delhi,Delhi NCR,Tier 1,28.60854195164016,77.16783849469846,Apartment,3,1855,50608.73,27.28,261,Stale,2022,June,2020,Modern (2016-2022),RERA Approved,Semi-Furnished,Yes,No,No,No,1
PROP-00380,Sale,Maharashtra,Pune,Tier 1,18.550238034051834,73.87659488284874,Apartment,2,1205,10745423.42,8917.36,239,Stale,2023,May,2022,Modern (2016-2022),RERA Approved,Semi-Furnished,Yes,Yes,No,No,2
PROP-00381,Sale,Maharashtra,Mumbai,Tier 1,19.108242237366827,72.86453472137944,Apartment,2,1090,25261125.54,23175.34,310,Stale,2024,August,2014,Vintage (2001-2015),RERA Approved,Fully Furnished,Yes,No,No,Yes,2
PROP-00382,Rental,Karnataka,Bengaluru,Tier 1,13.00735623376613,77.58783462264033,Apartment,2,1062,34955.84,32.92,78,Moderate,2025,August,2023,New (2023-2026),RERA Approved,Semi-Furnished,Yes,No,No,Yes,2
PROP-00383,Rental,Maharashtra,Chhatrapati Sambhajinagar,Tier 2,19.91786352358412,75.29641490927933,Apartment,2,861,12094.07,14.05,191,Stale,2025,November,2020,Modern (2016-2022),Awaiting Approval,Semi-Furnished,Yes,Yes,No,No,2
PROP-00384,Rental,Delhi,Delhi NCR,Tier 1,28.60699852205133,77.18495764492751,Apartment,1,474,15086.29,31.83,66,Moderate,2023,November,2021,Modern (2016-2022),RERA Approved,Semi-Furnished,Yes,No,No,Yes,2
PROP-00385,Rental,Telangana,Hyderabad,Tier 1,17.366886681832117,78.44006764038744,Builder Floor,2,1240,26656.81,21.5,341,Stale,2023,October,1983,Mature (Pre-2001),RERA Approved,Unfurnished,Yes,No,No,Yes,2
PROP-00386,Rental,Delhi,Delhi NCR,Tier 1,28.62211987465941,77.24691857726013,Apartment,2,1101,32898.8,29.88,168,Moderate,2024,June,2022,Modern (2016-2022),RERA Approved,Semi-Furnished,Yes,Yes,No,Yes,3
PROP-00387,Sale,Gujarat,Ahmedabad,Tier 2,23.009617242343765,72.54573966832184,Builder Floor,2,1287,7080323.85,5501.42,60,Moderate,2023,October,2023,New (2023-2026),RERA Approved,Semi-Furnished,Yes,No,No,No,1
PROP-00388,Sale,Maharashtra,Mumbai,Tier 1,19.086107416680022,72.8834337169573,Apartment,4,2294,41647894.07,18155.14,115,Moderate,2026,January,2026,New (2023-2026),RERA Approved,Unfurnished,Yes,No,No,No,1
PROP-00389,Rental,Maharashtra,Chhatrapati Sambhajinagar,Tier 2,19.896758586264383,75.29719793206611,Apartment,2,961,13779.29,14.34,222,Stale,2023,January,2018,Modern (2016-2022),RERA Approved,Unfurnished,Yes,No,No,Yes,2
PROP-00390,Rental,Karnataka,Bengaluru,Tier 1,12.990440501849214,77.61128473913057,Apartment,3,1613,42419.01,26.3,244,Stale,2023,July,2018,Modern (2016-2022),RERA Approved,Unfurnished,Yes,No,No,No,1
PROP-00391,Rental,Delhi,Delhi NCR,Tier 1,28.601355288702013,77.19130273457542,Apartment,1,442,15733.27,35.6,25,Fast,2023,October,2021,Modern (2016-2022),RERA Approved,Semi-Furnished,Yes,No,Yes,Yes,3
PROP-00392,Sale,Maharashtra,Mumbai,Tier 1,19.042686020169874,72.91749191869577,Apartment,2,1015,23920065.57,23566.57,145,Moderate,2022,September,2020,Modern (2016-2022),Awaiting Approval,Unfurnished,Yes,No,No,No,1
PROP-00393,Sale,Maharashtra,Mumbai,Tier 1,19.069052933846223,72.91651181889341,Apartment,3,1725,38006698.88,22032.87,269,Stale,2022,July,2022,Modern (2016-2022),RERA Approved,Semi-Furnished,No,Yes,No,Yes,2
PROP-00394,Rental,Karnataka,Bengaluru,Tier 1,12.935859414408192,77.57712906183617,Apartment,2,1127,31604.56,28.04,143,Moderate,2023,March,2018,Modern (2016-2022),RERA Approved,Semi-Furnished,No,No,Yes,Yes,2
PROP-00395,Sale,Delhi,Delhi NCR,Tier 1,28.652909703518382,77.24909608956905,Builder Floor,3,2118,26808312.22,12657.37,74,Moderate,2022,April,2017,Modern (2016-2022),RERA Approved,Semi-Furnished,Yes,Yes,No,Yes,3
PROP-00396,Rental,Gujarat,Ahmedabad,Tier 2,23.007087746073786,72.62101576734987,Independent House/Villa,2,1537,28568.72,18.59,122,Moderate,2024,April,2023,New (2023-2026),Awaiting Approval,Fully Furnished,Yes,Yes,No,Yes,3
PROP-00397,Rental,Karnataka,Bengaluru,Tier 1,12.937045974722333,77.62714156641239,Apartment,1,524,12368.81,23.6,202,Stale,2023,April,2022,Modern (2016-2022),RERA Approved,Fully Furnished,Yes,No,No,Yes,2
PROP-00398,Sale,Delhi,Delhi NCR,Tier 1,28.566444775990576,77.24348713477552,Apartment,2,981,8849532.6,9020.93,209,Stale,2023,November,2022,Modern (2016-2022),RERA Approved,Semi-Furnished,Yes,Yes,No,Yes,3
PROP-00399,Rental,Maharashtra,Pune,Tier 1,18.534982238628647,73.83160087361091,Apartment,2,1026,20309.69,19.8,218,Stale,2024,February,2023,New (2023-2026),Non-RERA / NA,Unfurnished,Yes,No,No,No,1
PROP-00400,Rental,Telangana,Hyderabad,Tier 1,17.398690231745476,78.49437023988577,Apartment,3,1789,42863.11,23.96,60,Moderate,2022,July,2017,Modern (2016-2022),RERA Approved,Semi-Furnished,Yes,Yes,Yes,Yes,4
PROP-00401,Sale,Maharashtra,Mumbai,Tier 1,19.06006041665813,72.83442559139674,Apartment,2,1123,26479548.71,23579.3,291,Stale,2023,December,2022,Modern (2016-2022),RERA Approved,Semi-Furnished,No,Yes,No,Yes,2
PROP-00402,Rental,Maharashtra,Mumbai,Tier 1,19.033171188884765,72.83719179368217,Apartment,4,2405,118209.97,49.15,297,Stale,2026,February,2024,New (2023-2026),RERA Approved,Semi-Furnished,Yes,Yes,No,Yes,3
PROP-00403,Sale,Maharashtra,Mumbai,Tier 1,19.066962889489524,72.92758926120334,Apartment,4,1862,37240623.11,20000.33,179,Moderate,2026,April,2025,New (2023-2026),Awaiting Approval,Semi-Furnished,Yes,Yes,No,Yes,3
PROP-00404,Rental,Telangana,Hyderabad,Tier 1,17.36612174950634,78.46936392494258,Apartment,2,1199,31435.24,26.22,351,Stale,2024,January,1984,Mature (Pre-2001),RERA Approved,Unfurnished,Yes,No,No,Yes,2
PROP-00405,Sale,Telangana,Hyderabad,Tier 1,17.402712063973503,78.51151839120489,Builder Floor,2,1048,8632096.86,8236.73,132,Moderate,2025,December,2005,Vintage (2001-2015),RERA Approved,Semi-Furnished,Yes,No,No,No,1
PROP-00406,Rental,Karnataka,Bengaluru,Tier 1,12.982177924945269,77.62526650530268,Independent House/Villa,3,2531,73440.76,29.02,329,Stale,2024,April,2023,New (2023-2026),RERA Approved,Unfurnished,No,No,No,Yes,1
PROP-00407,Sale,Gujarat,Ahmedabad,Tier 2,23.008959372819756,72.60720232710072,Builder Floor,4,2159,9068466.07,4200.31,296,Stale,2022,May,2020,Modern (2016-2022),Non-RERA / NA,Semi-Furnished,No,No,No,No,0
PROP-00408,Sale,Gujarat,Ahmedabad,Tier 2,22.9942892554255,72.62116282974021,Apartment,2,975,3917430.14,4017.88,292,Stale,2022,February,2021,Modern (2016-2022),RERA Approved,Semi-Furnished,No,Yes,No,No,1
PROP-00409,Rental,Maharashtra,Pune,Tier 1,18.56920359661556,73.83084964852569,Apartment,2,1054,21447.45,20.35,230,Stale,2023,May,2018,Modern (2016-2022),RERA Approved,Semi-Furnished,Yes,No,No,Yes,2
PROP-00410,Sale,Rajasthan,Jaipur,Tier 2,26.907800162119614,75.74133508268598,Apartment,2,1226,4855284.6,3960.26,68,Moderate,2023,November,2023,New (2023-2026),Non-RERA / NA,Unfurnished,Yes,Yes,Yes,Yes,4
PROP-00411,Sale,Delhi,Delhi NCR,Tier 1,28.632727423578025,77.20011915179946,Apartment,3,1303,12182302.64,9349.43,52,Fast,2026,April,2021,Modern (2016-2022),RERA Approved,Semi-Furnished,Yes,No,No,No,1
PROP-00412,Rental,Maharashtra,Mumbai,Tier 1,19.040055296757835,72.8407080669829,Apartment,2,990,53424.45,53.96,206,Stale,2023,February,2018,Modern (2016-2022),Non-RERA / NA,Semi-Furnished,Yes,No,Yes,Yes,3
PROP-00413,Rental,Delhi,Delhi NCR,Tier 1,28.612458969965942,77.16124258891621,Independent House/Villa,3,2504,66301.28,26.48,341,Stale,2025,May,2005,Vintage (2001-2015),Non-RERA / NA,Unfurnished,Yes,No,No,Yes,2
PROP-00414,Sale,Maharashtra,Mumbai,Tier 1,19.028753671986948,72.86374268271415,Apartment,1,504,8190550.37,16251.09,64,Moderate,2025,August,2024,New (2023-2026),Awaiting Approval,Semi-Furnished,Yes,No,No,No,1
PROP-00415,Rental,Maharashtra,Pune,Tier 1,18.520945511791044,73.88507382510753,Apartment,1,464,10169.48,21.92,261,Stale,2024,September,2014,Vintage (2001-2015),RERA Approved,Semi-Furnished,Yes,No,No,Yes,2
PROP-00416,Sale,Maharashtra,Chhatrapati Sambhajinagar,Tier 2,19.92260174071177,75.34991806912251,Apartment,2,1019,5349364.7,5249.62,69,Moderate,2024,January,2014,Vintage (2001-2015),RERA Approved,Semi-Furnished,Yes,No,Yes,Yes,3
PROP-00417,Sale,Maharashtra,Mumbai,Tier 1,19.06442067129858,72.85897779892105,Apartment,2,1004,20822751.69,20739.79,243,Stale,2025,February,2024,New (2023-2026),Awaiting Approval,Semi-Furnished,Yes,No,No,No,1
PROP-00418,Sale,Maharashtra,Mumbai,Tier 1,19.02989960125749,72.89313420054927,Apartment,2,1216,25421018.52,20905.44,293,Stale,2022,September,2020,Modern (2016-2022),Non-RERA / NA,Semi-Furnished,Yes,No,No,Yes,2
PROP-00419,Rental,Karnataka,Bengaluru,Tier 1,12.924695579091935,77.56780181803089,Apartment,2,1154,29606.35,25.66,42,Fast,2025,February,2024,New (2023-2026),RERA Approved,Semi-Furnished,Yes,No,No,Yes,2
PROP-00420,Rental,Maharashtra,Chhatrapati Sambhajinagar,Tier 2,19.864998675994688,75.29473814460721,Apartment,2,1052,14200.96,13.5,29,Fast,2022,October,2020,Modern (2016-2022),Awaiting Approval,Semi-Furnished,Yes,No,No,No,1
PROP-00421,Rental,Delhi,Delhi NCR,Tier 1,28.57990249364632,77.23543533864364,Apartment,1,622,16096.27,25.88,63,Moderate,2025,November,2023,New (2023-2026),RERA Approved,Semi-Furnished,Yes,No,No,No,1
PROP-00422,Rental,Karnataka,Bengaluru,Tier 1,12.92393520963282,77.6069743084864,Builder Floor,2,1243,32736.09,26.34,361,Stale,2023,July,2018,Modern (2016-2022),RERA Approved,Semi-Furnished,Yes,Yes,No,Yes,3
PROP-00423,Sale,Maharashtra,Mumbai,Tier 1,19.10162136139502,72.9039302624501,Apartment,4,1746,42388855.12,24277.69,301,Stale,2026,March,2024,New (2023-2026),RERA Approved,Unfurnished,Yes,No,No,Yes,2
PROP-00424,Sale,Maharashtra,Mumbai,Tier 1,19.07185230088819,72.83159380166877,Independent House/Villa,2,1527,42543244.41,27860.67,162,Moderate,2022,October,2002,Vintage (2001-2015),Awaiting Approval,Unfurnished,No,No,No,No,0
PROP-00425,Sale,Maharashtra,Chhatrapati Sambhajinagar,Tier 2,19.855124477197265,75.37701196278306,Apartment,2,1024,5026701.86,4908.89,61,Moderate,2022,December,2021,Modern (2016-2022),RERA Approved,Unfurnished,Yes,No,No,No,1
PROP-00426,Sale,Maharashtra,Chhatrapati Sambhajinagar,Tier 2,19.91620831830165,75.35525262000363,Apartment,2,912,5398646.37,5919.57,52,Fast,2023,August,1983,Mature (Pre-2001),RERA Approved,Semi-Furnished,Yes,Yes,No,Yes,3
PROP-00427,Sale,Maharashtra,Mumbai,Tier 1,19.03761389602005,72.88403953507127,Apartment,4,2458,53583051.23,21799.45,332,Stale,2026,January,2025,New (2023-2026),Non-RERA / NA,Semi-Furnished,Yes,No,No,Yes,2
PROP-00428,Rental,Maharashtra,Chhatrapati Sambhajinagar,Tier 2,19.921791882895533,75.35576140481145,Apartment,2,1156,13492.28,11.67,60,Moderate,2026,January,2016,Modern (2016-2022),RERA Approved,Semi-Furnished,No,No,No,Yes,1
PROP-00429,Sale,Maharashtra,Pune,Tier 1,18.501796671737733,73.89314332468685,Apartment,3,1435,13563929.69,9452.22,69,Moderate,2022,May,2020,Modern (2016-2022),RERA Approved,Unfurnished,Yes,No,No,No,1
PROP-00430,Sale,Rajasthan,Jaipur,Tier 2,26.95124036723087,75.79599365065589,Independent House/Villa,3,2281,9672774.26,4240.58,272,Stale,2022,July,2021,Modern (2016-2022),RERA Approved,Fully Furnished,Yes,No,No,No,1
PROP-00431,Sale,Karnataka,Bengaluru,Tier 1,12.981894287647947,77.60269503798882,Independent House/Villa,2,1821,21548284.69,11833.22,73,Moderate,2022,August,2002,Vintage (2001-2015),RERA Approved,Semi-Furnished,Yes,No,Yes,No,2
PROP-00432,Rental,Karnataka,Bengaluru,Tier 1,13.00427073597415,77.64366791570657,Apartment,1,613,15742.23,25.68,220,Stale,2024,September,2022,Modern (2016-2022),RERA Approved,Fully Furnished,Yes,Yes,No,No,2
PROP-00433,Rental,Karnataka,Bengaluru,Tier 1,13.020001316321046,77.62027301670686,Apartment,3,1803,49011.66,27.18,93,Moderate,2022,April,2017,Modern (2016-2022),Non-RERA / NA,Semi-Furnished,Yes,No,No,Yes,2
PROP-00434,Sale,Telangana,Hyderabad,Tier 1,17.363840543781876,78.4809293805451,Builder Floor,1,739,5825706.22,7883.23,285,Stale,2023,February,2018,Modern (2016-2022),RERA Approved,Semi-Furnished,Yes,No,No,Yes,2
PROP-00435,Sale,Maharashtra,Mumbai,Tier 1,19.12211354854076,72.8984397000033,Apartment,2,1159,21242599.54,18328.39,261,Stale,2022,January,2017,Modern (2016-2022),Awaiting Approval,Unfurnished,No,No,No,No,0
PROP-00436,Rental,Maharashtra,Mumbai,Tier 1,19.06494818949024,72.86662304716918,Apartment,3,1612,71686.0,44.47,164,Moderate,2023,June,2018,Modern (2016-2022),RERA Approved,Unfurnished,No,Yes,No,No,1
PROP-00437,Sale,Delhi,Delhi NCR,Tier 1,28.602451190473694,77.18188754624835,Apartment,2,1071,11021932.73,10291.25,238,Stale,2023,April,2013,Vintage (2001-2015),RERA Approved,Unfurnished,Yes,No,Yes,Yes,3
PROP-00438,Rental,Telangana,Hyderabad,Tier 1,17.369038710425453,78.49638518768877,Independent House/Villa,3,1881,40085.95,21.31,135,Moderate,2022,November,2022,Modern (2016-2022),RERA Approved,Semi-Furnished,Yes,No,No,Yes,2
PROP-00439,Rental,Delhi,Delhi NCR,Tier 1,28.61804076073476,77.2518182098114,Builder Floor,1,630,22633.51,35.93,53,Fast,2025,November,2020,Modern (2016-2022),RERA Approved,Semi-Furnished,Yes,No,No,No,1
PROP-00440,Sale,Telangana,Hyderabad,Tier 1,17.35041450431785,78.52961395200154,Apartment,3,1592,12906840.69,8107.31,151,Moderate,2022,September,2002,Vintage (2001-2015),RERA Approved,Semi-Furnished,No,No,No,Yes,1
PROP-00441,Sale,Maharashtra,Chhatrapati Sambhajinagar,Tier 2,19.8815711485358,75.32749052781055,Builder Floor,2,1149,5563121.01,4841.71,320,Stale,2025,April,2025,New (2023-2026),RERA Approved,Semi-Furnished,Yes,Yes,No,Yes,3
PROP-00442,Rental,Maharashtra,Mumbai,Tier 1,19.080170481241,72.88046774662217,Independent House/Villa,2,1373,57455.62,41.85,6,Fast,2022,March,2021,Modern (2016-2022),RERA Approved,Fully Furnished,No,No,No,No,0
PROP-00443,Sale,Telangana,Hyderabad,Tier 1,17.411190181260487,78.45786358985698,Apartment,1,569,4636914.4,8149.23,333,Stale,2026,January,2016,Modern (2016-2022),RERA Approved,Unfurnished,Yes,No,No,No,1
PROP-00444,Sale,Karnataka,Bengaluru,Tier 1,13.00496499619376,77.64416311094989,Apartment,4,1725,13094523.78,7591.03,149,Moderate,2025,July,2023,New (2023-2026),RERA Approved,Unfurnished,Yes,No,No,Yes,2
PROP-00445,Rental,Rajasthan,Jaipur,Tier 2,26.906444135031244,75.8354117907868,Apartment,1,544,7114.75,13.08,65,Moderate,2024,March,2022,Modern (2016-2022),RERA Approved,Semi-Furnished,No,No,No,No,0
PROP-00446,Rental,Maharashtra,Mumbai,Tier 1,19.05623332493515,72.89265089297075,Builder Floor,1,745,36076.85,48.43,277,Stale,2025,January,2024,New (2023-2026),Non-RERA / NA,Semi-Furnished,Yes,No,No,Yes,2
PROP-00447,Rental,Telangana,Hyderabad,Tier 1,17.36093348973171,78.51714140596775,Apartment,2,1237,32120.2,25.97,53,Fast,2023,July,2018,Modern (2016-2022),RERA Approved,Semi-Furnished,Yes,No,No,Yes,2
PROP-00448,Rental,Gujarat,Ahmedabad,Tier 2,22.991962383670487,72.59291001612837,Independent House/Villa,2,1669,24407.42,14.62,336,Stale,2024,July,2023,New (2023-2026),RERA Approved,Semi-Furnished,Yes,No,No,Yes,2
PROP-00449,Sale,Maharashtra,Chhatrapati Sambhajinagar,Tier 2,19.831964758219904,75.35261582190395,Apartment,2,875,3291189.54,3761.36,135,Moderate,2026,February,2021,Modern (2016-2022),Non-RERA / NA,Unfurnished,Yes,No,No,No,1
PROP-00450,Sale,Telangana,Hyderabad,Tier 1,17.36924479788347,78.44203479969889,Independent House/Villa,1,1177,9996452.32,8493.16,47,Fast,2023,October,2013,Vintage (2001-2015),Awaiting Approval,Semi-Furnished,Yes,No,No,No,1
PROP-00451,Rental,Karnataka,Bengaluru,Tier 1,12.94862476921308,77.59007643425527,Apartment,2,1186,31898.42,26.9,61,Moderate,2023,December,2021,Modern (2016-2022),RERA Approved,Fully Furnished,Yes,Yes,Yes,No,3
PROP-00452,Sale,Maharashtra,Pune,Tier 1,18.56704173858664,73.87417863021675,Apartment,2,1248,9851923.8,7894.17,54,Fast,2024,February,2019,Modern (2016-2022),RERA Approved,Unfurnished,Yes,No,No,No,1
PROP-00453,Sale,Rajasthan,Jaipur,Tier 2,26.918170882625006,75.80505316138837,Independent House/Villa,2,1635,8694672.14,5317.84,182,Stale,2026,March,1986,Mature (Pre-2001),RERA Approved,Fully Furnished,No,Yes,No,Yes,2
PROP-00454,Rental,Maharashtra,Pune,Tier 1,18.50512770390305,73.84401226184224,Independent House/Villa,2,1564,36642.56,23.43,297,Stale,2022,July,2017,Modern (2016-2022),RERA Approved,Fully Furnished,No,No,No,Yes,1
PROP-00455,Sale,Maharashtra,Mumbai,Tier 1,19.08404676009937,72.9218691986658,Builder Floor,3,2061,35566033.03,17256.69,50,Fast,2023,April,2013,Vintage (2001-2015),Awaiting Approval,Unfurnished,Yes,No,Yes,Yes,3
PROP-00456,Sale,Maharashtra,Chhatrapati Sambhajinagar,Tier 2,19.84011967013457,75.31003570322368,Apartment,2,926,3791922.65,4094.95,174,Moderate,2025,September,2023,New (2023-2026),RERA Approved,Unfurnished,Yes,Yes,No,Yes,3
PROP-00457,Sale,Telangana,Hyderabad,Tier 1,17.37940437492022,78.48673594462156,Independent House/Villa,2,1753,17214275.43,9819.89,275,Stale,2025,December,2015,Vintage (2001-2015),RERA Approved,Semi-Furnished,Yes,No,No,No,1
PROP-00458,Sale,Telangana,Hyderabad,Tier 1,17.397623432142108,78.50578839765508,Apartment,2,1012,8503111.06,8402.28,340,Stale,2025,May,2025,New (2023-2026),Non-RERA / NA,Semi-Furnished,Yes,No,No,No,1
PROP-00459,Sale,Delhi,Delhi NCR,Tier 1,28.612789783179245,77.22871358058919,Apartment,4,1732,16301456.74,9411.93,143,Moderate,2024,May,2023,New (2023-2026),RERA Approved,Semi-Furnished,Yes,No,Yes,No,2
PROP-00460,Sale,Telangana,Hyderabad,Tier 1,17.375177880065433,78.50156389567688,Apartment,4,1977,11449788.57,5791.5,251,Stale,2025,June,2024,New (2023-2026),RERA Approved,Semi-Furnished,No,No,No,Yes,1
PROP-00461,Sale,Karnataka,Bengaluru,Tier 1,13.020984838889971,77.57212882134519,Apartment,3,1434,10242717.87,7142.76,152,Moderate,2023,May,2021,Modern (2016-2022),Awaiting Approval,Semi-Furnished,No,No,Yes,Yes,2
PROP-00462,Rental,Telangana,Hyderabad,Tier 1,17.423031476214895,78.45232065686866,Apartment,2,1124,26544.04,23.62,234,Stale,2022,July,2012,Vintage (2001-2015),RERA Approved,Unfurnished,Yes,No,No,Yes,2
PROP-00463,Rental,Maharashtra,Mumbai,Tier 1,19.088340595815943,72.89129403268268,Builder Floor,1,860,49244.91,57.26,284,Stale,2023,October,2021,Modern (2016-2022),Awaiting Approval,Fully Furnished,Yes,Yes,No,Yes,3
PROP-00464,Sale,Telangana,Hyderabad,Tier 1,17.39193773611823,78.49663021161395,Apartment,2,957,6872244.14,7181.03,129,Moderate,2023,November,2018,Modern (2016-2022),Non-RERA / NA,Semi-Furnished,Yes,Yes,No,Yes,3
PROP-00465,Rental,Maharashtra,Chhatrapati Sambhajinagar,Tier 2,19.88826604798246,75.31123560102893,Independent House/Villa,2,1879,30692.4,16.33,196,Stale,2026,January,2016,Modern (2016-2022),RERA Approved,Semi-Furnished,Yes,Yes,No,Yes,3
PROP-00466,Sale,Maharashtra,Mumbai,Tier 1,19.046131210782242,72.89821391455706,Apartment,2,872,19604268.85,22481.96,84,Moderate,2022,August,2017,Modern (2016-2022),RERA Approved,Fully Furnished,Yes,No,No,Yes,2
PROP-00467,Sale,Maharashtra,Chhatrapati Sambhajinagar,Tier 2,19.865713774326434,75.33881719917336,Apartment,3,1597,9182999.6,5750.16,98,Moderate,2022,September,2020,Modern (2016-2022),RERA Approved,Semi-Furnished,Yes,No,No,Yes,2
PROP-00468,Rental,Karnataka,Bengaluru,Tier 1,12.92554595328909,77.61137605916032,Apartment,3,1317,31147.89,23.65,230,Stale,2025,March,2020,Modern (2016-2022),RERA Approved,Unfurnished,Yes,No,No,Yes,2
PROP-00469,Sale,Rajasthan,Jaipur,Tier 2,26.909954603748684,75.82103670797702,Builder Floor,3,2080,8350645.6,4014.73,69,Moderate,2025,June,2023,New (2023-2026),RERA Approved,Semi-Furnished,Yes,No,Yes,Yes,3
PROP-00470,Rental,Gujarat,Ahmedabad,Tier 2,23.026802458395768,72.53837284285768,Builder Floor,2,1387,19714.89,14.21,92,Moderate,2022,October,2022,Modern (2016-2022),RERA Approved,Semi-Furnished,No,Yes,No,Yes,2
PROP-00471,Sale,Maharashtra,Pune,Tier 1,18.49317497361032,73.80861448679968,Builder Floor,3,1892,17650500.29,9329.02,92,Moderate,2026,January,1986,Mature (Pre-2001),Awaiting Approval,Unfurnished,Yes,No,No,Yes,2
PROP-00472,Rental,Telangana,Hyderabad,Tier 1,17.431402884716555,78.51461025863958,Builder Floor,2,1415,36990.34,26.14,205,Stale,2024,March,2023,New (2023-2026),RERA Approved,Fully Furnished,Yes,Yes,No,Yes,3
PROP-00473,Sale,Rajasthan,Jaipur,Tier 2,26.953345461093726,75.79826974251526,Apartment,1,554,2602263.69,4697.23,218,Stale,2022,October,2022,Modern (2016-2022),RERA Approved,Unfurnished,Yes,No,No,Yes,2
PROP-00474,Rental,Karnataka,Bengaluru,Tier 1,12.99381432354559,77.61456395696221,Apartment,3,1856,42632.5,22.97,208,Stale,2024,October,2004,Vintage (2001-2015),RERA Approved,Semi-Furnished,No,No,No,Yes,1
PROP-00475,Sale,Delhi,Delhi NCR,Tier 1,28.617238662876538,77.24281549749887,Independent House/Villa,1,1249,14937073.4,11959.23,93,Moderate,2023,May,2021,Modern (2016-2022),Awaiting Approval,Semi-Furnished,Yes,Yes,No,Yes,3
PROP-00476,Rental,Telangana,Hyderabad,Tier 1,17.42199691596477,78.51698109348244,Apartment,2,1219,25516.47,20.93,65,Moderate,2025,January,2020,Modern (2016-2022),RERA Approved,Unfurnished,Yes,No,No,Yes,2
PROP-00477,Sale,Gujarat,Ahmedabad,Tier 2,22.985565234382346,72.61749201469289,Apartment,2,1056,5544639.9,5250.61,275,Stale,2024,July,2022,Modern (2016-2022),RERA Approved,Fully Furnished,No,Yes,Yes,No,2
PROP-00478,Sale,Telangana,Hyderabad,Tier 1,17.41405097942749,78.49029350788521,Apartment,3,1345,8771732.32,6521.73,98,Moderate,2023,October,2021,Modern (2016-2022),Awaiting Approval,Fully Furnished,Yes,No,Yes,No,2
PROP-00479,Rental,Gujarat,Ahmedabad,Tier 2,22.984982081396687,72.57024956326599,Apartment,3,1591,22660.26,14.24,311,Stale,2023,May,2021,Modern (2016-2022),RERA Approved,Semi-Furnished,Yes,Yes,No,No,2
PROP-00480,Sale,Karnataka,Bengaluru,Tier 1,13.00102106625494,77.58478871998908,Apartment,2,900,9062003.83,10068.89,31,Fast,2023,August,2021,Modern (2016-2022),RERA Approved,Unfurnished,Yes,No,No,Yes,2
PROP-00481,Rental,Gujarat,Ahmedabad,Tier 2,23.000076756825138,72.53676910428442,Apartment,3,1630,26552.41,16.29,218,Stale,2024,February,2022,Modern (2016-2022),Awaiting Approval,Unfurnished,No,Yes,Yes,Yes,3
PROP-00482,Rental,Maharashtra,Mumbai,Tier 1,19.11370905810182,72.8849607232882,Apartment,2,1042,50274.88,48.25,78,Moderate,2025,June,2015,Vintage (2001-2015),RERA Approved,Semi-Furnished,Yes,No,No,No,1
PROP-00483,Sale,Maharashtra,Pune,Tier 1,18.564804209382537,73.8344012524326,Apartment,2,1099,6911288.5,6288.71,65,Moderate,2024,January,2019,Modern (2016-2022),Non-RERA / NA,Unfurnished,No,No,No,Yes,1
PROP-00484,Rental,Maharashtra,Mumbai,Tier 1,19.040879596940513,72.9198307512213,Apartment,3,1281,70203.55,54.8,190,Stale,2023,November,2003,Vintage (2001-2015),RERA Approved,Semi-Furnished,Yes,No,No,No,1
PROP-00485,Sale,Delhi,Delhi NCR,Tier 1,28.61016756050654,77.21731908042771,Apartment,3,1391,15452867.33,11109.18,35,Fast,2025,June,2025,New (2023-2026),RERA Approved,Fully Furnished,Yes,No,No,Yes,2
PROP-00486,Rental,Delhi,Delhi NCR,Tier 1,28.66199873781627,77.21828401805081,Independent House/Villa,4,2720,99578.06,36.61,223,Stale,2024,October,2019,Modern (2016-2022),Awaiting Approval,Semi-Furnished,Yes,No,No,Yes,2
PROP-00487,Sale,Karnataka,Bengaluru,Tier 1,12.969940743597315,77.5800924660877,Apartment,2,1230,10722108.89,8717.16,16,Fast,2022,May,2017,Modern (2016-2022),RERA Approved,Fully Furnished,Yes,No,No,No,1
PROP-00488,Sale,Telangana,Hyderabad,Tier 1,17.421354752251457,78.44189893519777,Apartment,3,1505,13922438.12,9250.79,306,Stale,2023,May,2003,Vintage (2001-2015),RERA Approved,Semi-Furnished,Yes,Yes,No,Yes,3
PROP-00489,Rental,Karnataka,Bengaluru,Tier 1,12.980473152213133,77.5477743765373,Independent House/Villa,2,1631,53141.53,32.58,36,Fast,2025,May,2025,New (2023-2026),Awaiting Approval,Semi-Furnished,Yes,No,No,Yes,2
PROP-00490,Rental,Karnataka,Bengaluru,Tier 1,12.95913299079196,77.58693351441532,Apartment,4,2271,68712.17,30.26,164,Moderate,2024,June,2019,Modern (2016-2022),Awaiting Approval,Fully Furnished,Yes,No,Yes,Yes,3
PROP-00491,Sale,Delhi,Delhi NCR,Tier 1,28.592478355552586,77.16745653780973,Apartment,1,545,7084385.97,12998.87,241,Stale,2023,June,2003,Vintage (2001-2015),Non-RERA / NA,Semi-Furnished,Yes,No,No,Yes,2
PROP-00492,Rental,Delhi,Delhi NCR,Tier 1,28.58422230910861,77.21968469555402,Independent House/Villa,3,2036,58057.23,28.52,231,Stale,2026,March,2025,New (2023-2026),RERA Approved,Fully Furnished,No,No,No,Yes,1
PROP-00493,Sale,Delhi,Delhi NCR,Tier 1,28.64007981913777,77.24709730056396,Apartment,2,1014,10603617.33,10457.22,185,Stale,2023,May,2003,Vintage (2001-2015),RERA Approved,Unfurnished,Yes,Yes,No,Yes,3
PROP-00494,Sale,Maharashtra,Mumbai,Tier 1,19.064654050682304,72.91599148165187,Independent House/Villa,2,1499,26638971.65,17771.16,321,Stale,2024,November,2024,New (2023-2026),RERA Approved,Unfurnished,No,No,No,No,0
PROP-00495,Sale,Maharashtra,Pune,Tier 1,18.521527546220074,73.87260454101323,Independent House/Villa,2,1978,19641965.89,9930.22,50,Fast,2025,June,2015,Vintage (2001-2015),RERA Approved,Fully Furnished,Yes,No,Yes,No,2
PROP-00496,Sale,Telangana,Hyderabad,Tier 1,17.38423254800012,78.4578231831473,Apartment,2,902,7078988.92,7848.1,345,Stale,2023,December,2003,Vintage (2001-2015),Awaiting Approval,Semi-Furnished,No,No,No,Yes,1
PROP-00497,Sale,Maharashtra,Pune,Tier 1,18.528127902923313,73.8929996831359,Apartment,2,998,8290702.53,8307.32,84,Moderate,2024,March,2019,Modern (2016-2022),RERA Approved,Fully Furnished,No,No,No,No,0
PROP-00498,Sale,Karnataka,Bengaluru,Tier 1,13.008157714562456,77.63320934353132,Apartment,3,1290,10112538.28,7839.18,139,Moderate,2023,February,2021,Modern (2016-2022),RERA Approved,Fully Furnished,Yes,Yes,No,Yes,3
PROP-00499,Rental,Delhi,Delhi NCR,Tier 1,28.661973934358343,77.1786653584953,Apartment,2,938,29149.8,31.08,264,Stale,2022,May,2022,Modern (2016-2022),RERA Approved,Unfurnished,No,No,Yes,Yes,2
PROP-00500,Rental,Rajasthan,Jaipur,Tier 2,26.903158420857384,75.81104260857707,Apartment,2,1162,16776.13,14.44,312,Stale,2024,August,2004,Vintage (2001-2015),RERA Approved,Semi-Furnished,Yes,Yes,Yes,No,3
PROP-00501,Rental,Karnataka,Bengaluru,Tier 1,13.00435189221063,77.57325195489271,Apartment,2,930,25920.28,27.87,251,Stale,2022,January,2017,Modern (2016-2022),Non-RERA / NA,Semi-Furnished,No,No,No,No,0
PROP-00502,Sale,Karnataka,Bengaluru,Tier 1,12.998052779465473,77.62486403123529,Apartment,1,441,3101017.4,7031.79,163,Moderate,2025,October,2025,New (2023-2026),RERA Approved,Semi-Furnished,No,No,No,No,0
PROP-00503,Sale,Maharashtra,Mumbai,Tier 1,19.08335289514556,72.92742378999037,Apartment,2,1039,26226406.76,25241.97,207,Stale,2022,November,2017,Modern (2016-2022),RERA Approved,Semi-Furnished,Yes,No,Yes,Yes,3
PROP-00504,Rental,Delhi,Delhi NCR,Tier 1,28.659504714361194,77.16200260053294,Apartment,2,853,24305.17,28.49,116,Moderate,2022,June,2017,Modern (2016-2022),Awaiting Approval,Unfurnished,Yes,No,No,Yes,2
PROP-00505,Rental,Karnataka,Bengaluru,Tier 1,12.941647451552841,77.6343365865791,Apartment,2,883,23043.78,26.1,296,Stale,2024,May,2023,New (2023-2026),RERA Approved,Semi-Furnished,Yes,Yes,No,No,2
PROP-00506,Sale,Karnataka,Bengaluru,Tier 1,12.932526421030962,77.60686305335986,Apartment,1,586,6434315.35,10980.06,314,Stale,2024,May,2023,New (2023-2026),RERA Approved,Semi-Furnished,Yes,No,Yes,Yes,3
PROP-00507,Rental,Maharashtra,Pune,Tier 1,18.555796196695542,73.90403826191648,Independent House/Villa,2,1853,43812.14,23.64,123,Moderate,2022,March,2022,Modern (2016-2022),RERA Approved,Unfurnished,Yes,No,No,No,1
PROP-00508,Rental,Maharashtra,Pune,Tier 1,18.514314981663375,73.85320095175264,Apartment,2,1216,24835.65,20.42,21,Fast,2022,May,2017,Modern (2016-2022),RERA Approved,Fully Furnished,Yes,No,No,Yes,2
PROP-00509,Rental,Maharashtra,Pune,Tier 1,18.555096885420706,73.89143879305715,Apartment,2,1191,29651.79,24.9,335,Stale,2026,January,2021,Modern (2016-2022),RERA Approved,Semi-Furnished,Yes,Yes,No,No,2
PROP-00510,Rental,Telangana,Hyderabad,Tier 1,17.424309020519544,78.44293940685982,Builder Floor,2,1347,24762.44,18.38,231,Stale,2024,December,2019,Modern (2016-2022),Awaiting Approval,Fully Furnished,No,No,No,Yes,1
PROP-00511,Rental,Gujarat,Ahmedabad,Tier 2,22.978745759361907,72.55492790500783,Apartment,1,435,8767.44,20.16,121,Moderate,2024,April,2014,Vintage (2001-2015),RERA Approved,Semi-Furnished,Yes,No,No,Yes,2
PROP-00512,Sale,Telangana,Hyderabad,Tier 1,17.423346476298608,78.44340165377513,Apartment,4,2326,17202670.59,7395.82,47,Fast,2023,April,2003,Vintage (2001-2015),Non-RERA / NA,Unfurnished,No,No,No,Yes,1
PROP-00513,Rental,Maharashtra,Chhatrapati Sambhajinagar,Tier 2,19.87103190553694,75.39083431334791,Apartment,3,1782,22068.23,12.38,119,Moderate,2022,August,2017,Modern (2016-2022),Awaiting Approval,Semi-Furnished,No,No,No,No,0
PROP-00514,Rental,Maharashtra,Mumbai,Tier 1,19.077043248900424,72.9093973907272,Apartment,3,1754,88283.72,50.33,287,Stale,2026,February,2026,New (2023-2026),RERA Approved,Unfurnished,Yes,No,No,No,1
PROP-00515,Sale,Maharashtra,Mumbai,Tier 1,19.08865925110932,72.9129547421246,Apartment,1,526,8573351.98,16299.15,41,Fast,2025,May,2020,Modern (2016-2022),RERA Approved,Fully Furnished,Yes,No,No,Yes,2
PROP-00516,Sale,Maharashtra,Mumbai,Tier 1,19.11863826067301,72.92149652314339,Apartment,3,1414,31762657.41,22462.98,306,Stale,2023,April,2021,Modern (2016-2022),RERA Approved,Unfurnished,Yes,No,No,No,1
PROP-00517,Sale,Maharashtra,Pune,Tier 1,18.472311609442976,73.81521034861198,Apartment,3,1782,17640527.6,9899.29,117,Moderate,2024,August,2019,Modern (2016-2022),RERA Approved,Semi-Furnished,Yes,Yes,No,Yes,3
PROP-00518,Rental,Rajasthan,Jaipur,Tier 2,26.910084346831784,75.77585975925133,Builder Floor,3,1939,35174.7,18.14,39,Fast,2023,June,2018,Modern (2016-2022),Non-RERA / NA,Semi-Furnished,Yes,No,No,Yes,2
PROP-00519,Rental,Delhi,Delhi NCR,Tier 1,28.632672204243057,77.1661034889044,Apartment,1,621,18529.34,29.84,136,Moderate,2023,May,2021,Modern (2016-2022),RERA Approved,Semi-Furnished,Yes,No,No,Yes,2
PROP-00520,Sale,Rajasthan,Jaipur,Tier 2,26.934670695769825,75.75837931015501,Apartment,2,912,3653105.09,4005.6,340,Stale,2024,June,2004,Vintage (2001-2015),RERA Approved,Unfurnished,No,No,No,Yes,1
PROP-00521,Sale,Maharashtra,Mumbai,Tier 1,19.09525324315371,72.85063657770377,Builder Floor,3,1598,25397096.43,15893.05,340,Stale,2022,March,2021,Modern (2016-2022),RERA Approved,Semi-Furnished,Yes,No,No,Yes,2
PROP-00522,Sale,Maharashtra,Chhatrapati Sambhajinagar,Tier 2,19.839643512940814,75.34021072110475,Apartment,2,934,4769168.4,5106.18,232,Stale,2024,May,2019,Modern (2016-2022),RERA Approved,Semi-Furnished,Yes,No,No,Yes,2
PROP-00523,Rental,Delhi,Delhi NCR,Tier 1,28.593839558837168,77.18585621674536,Builder Floor,2,1400,45043.89,32.17,151,Moderate,2024,May,2024,New (2023-2026),RERA Approved,Unfurnished,Yes,Yes,No,No,2
PROP-00524,Rental,Maharashtra,Mumbai,Tier 1,19.061871552541703,72.83779781068178,Apartment,2,924,42982.85,46.52,126,Moderate,2026,March,2006,Vintage (2001-2015),RERA Approved,Fully Furnished,No,No,No,No,0
PROP-00525,Rental,Karnataka,Bengaluru,Tier 1,13.00204372076795,77.56134910890941,Independent House/Villa,2,1402,44218.19,31.54,85,Moderate,2024,July,2023,New (2023-2026),RERA Approved,Semi-Furnished,No,No,Yes,No,1
PROP-00526,Sale,Delhi,Delhi NCR,Tier 1,28.591775987241455,77.17372755635522,Apartment,1,624,5449592.79,8733.32,177,Moderate,2022,January,2022,Modern (2016-2022),RERA Approved,Semi-Furnished,No,No,No,Yes,1
PROP-00527,Sale,Delhi,Delhi NCR,Tier 1,28.58497049638672,77.25630767979123,Independent House/Villa,2,1375,13120389.74,9542.1,158,Moderate,2025,July,2023,New (2023-2026),RERA Approved,Semi-Furnished,Yes,No,No,No,1
PROP-00528,Sale,Delhi,Delhi NCR,Tier 1,28.65964480190381,77.23492925069185,Builder Floor,1,828,6844399.75,8266.18,154,Moderate,2023,March,2021,Modern (2016-2022),RERA Approved,Unfurnished,Yes,No,No,No,1
PROP-00529,Sale,Gujarat,Ahmedabad,Tier 2,22.97338632851135,72.61817614652695,Apartment,2,996,4413069.42,4430.79,62,Moderate,2025,April,2024,New (2023-2026),RERA Approved,Fully Furnished,No,Yes,No,Yes,2
PROP-00530,Rental,Maharashtra,Pune,Tier 1,18.570182085568195,73.85067404865079,Apartment,2,1186,23426.62,19.75,67,Moderate,2024,February,2019,Modern (2016-2022),RERA Approved,Semi-Furnished,Yes,No,No,No,1
PROP-00531,Rental,Delhi,Delhi NCR,Tier 1,28.63158212988574,77.18683684816627,Apartment,2,1071,34043.23,31.79,160,Moderate,2025,February,2023,New (2023-2026),RERA Approved,Unfurnished,Yes,No,No,Yes,2
PROP-00532,Rental,Maharashtra,Pune,Tier 1,18.553246929944912,73.88652931972092,Apartment,1,605,14024.57,23.18,360,Stale,2022,January,2022,Modern (2016-2022),RERA Approved,Semi-Furnished,Yes,No,No,Yes,2
PROP-00533,Rental,Telangana,Hyderabad,Tier 1,17.36446193963462,78.46932539180412,Apartment,3,1830,37802.54,20.66,326,Stale,2026,March,2024,New (2023-2026),Non-RERA / NA,Semi-Furnished,Yes,No,Yes,Yes,3
PROP-00534,Sale,Delhi,Delhi NCR,Tier 1,28.565331527766705,77.18893833737054,Apartment,3,1280,16003132.52,12502.45,172,Moderate,2023,May,2013,Vintage (2001-2015),RERA Approved,Semi-Furnished,Yes,Yes,No,Yes,3
PROP-00535,Rental,Karnataka,Bengaluru,Tier 1,12.995386951856153,77.56785059922078,Apartment,1,440,11069.55,25.16,170,Moderate,2026,April,2021,Modern (2016-2022),RERA Approved,Semi-Furnished,Yes,Yes,No,No,2
PROP-00536,Rental,Maharashtra,Mumbai,Tier 1,19.10941445970007,72.84066789782243,Apartment,1,475,25971.6,54.68,89,Moderate,2022,March,2012,Vintage (2001-2015),Awaiting Approval,Unfurnished,Yes,No,No,Yes,2
PROP-00537,Rental,Maharashtra,Mumbai,Tier 1,19.100047613195354,72.85334630610168,Apartment,1,558,27833.7,49.88,141,Moderate,2022,August,2017,Modern (2016-2022),Awaiting Approval,Unfurnished,Yes,No,Yes,Yes,3
PROP-00538,Sale,Telangana,Hyderabad,Tier 1,17.349285028730087,78.47223197484739,Apartment,3,1807,12898325.94,7137.98,193,Stale,2023,August,2021,Modern (2016-2022),RERA Approved,Fully Furnished,Yes,No,No,No,1
PROP-00539,Sale,Maharashtra,Mumbai,Tier 1,19.101342792225697,72.89509942081457,Apartment,2,1033,24499656.34,23717.0,6,Fast,2024,November,2024,New (2023-2026),RERA Approved,Unfurnished,Yes,No,No,No,1
PROP-00540,Sale,Karnataka,Bengaluru,Tier 1,12.998492278210765,77.55085648422194,Apartment,2,1092,7438030.02,6811.38,110,Moderate,2026,January,2024,New (2023-2026),RERA Approved,Fully Furnished,Yes,No,No,No,1
PROP-00541,Rental,Telangana,Hyderabad,Tier 1,17.400854051567006,78.45775069396653,Apartment,1,462,10479.22,22.68,76,Moderate,2024,June,2014,Vintage (2001-2015),RERA Approved,Unfurnished,Yes,No,No,Yes,2
PROP-00542,Rental,Maharashtra,Mumbai,Tier 1,19.10261159327956,72.90860236402918,Apartment,2,1171,70336.31,60.07,130,Moderate,2026,March,1986,Mature (Pre-2001),Awaiting Approval,Fully Furnished,Yes,Yes,No,Yes,3
PROP-00543,Sale,Maharashtra,Pune,Tier 1,18.554992143967773,73.82139219235837,Apartment,3,1855,14773639.72,7964.23,174,Moderate,2024,January,2019,Modern (2016-2022),RERA Approved,Semi-Furnished,Yes,No,No,No,1
PROP-00544,Rental,Delhi,Delhi NCR,Tier 1,28.625260411423746,77.19326451465226,Apartment,3,1436,41720.15,29.05,209,Stale,2023,August,2023,New (2023-2026),RERA Approved,Semi-Furnished,Yes,No,No,Yes,2
PROP-00545,Rental,Maharashtra,Chhatrapati Sambhajinagar,Tier 2,19.835060471396968,75.37976589218582,Apartment,2,1047,15382.62,14.69,317,Stale,2024,November,2023,New (2023-2026),RERA Approved,Unfurnished,Yes,Yes,No,Yes,3
PROP-00546,Sale,Karnataka,Bengaluru,Tier 1,12.970362780966722,77.56009253111435,Independent House/Villa,1,972,11489911.9,11820.9,341,Stale,2026,May,2024,New (2023-2026),RERA Approved,Unfurnished,Yes,No,No,Yes,2
PROP-00547,Sale,Gujarat,Ahmedabad,Tier 2,22.98026493346716,72.52967368356181,Apartment,1,536,3244232.68,6052.67,199,Stale,2024,November,2019,Modern (2016-2022),RERA Approved,Unfurnished,No,No,Yes,Yes,2
PROP-00548,Rental,Maharashtra,Pune,Tier 1,18.511154303103243,73.855153799508,Apartment,1,525,10807.8,20.59,162,Moderate,2024,November,2024,New (2023-2026),Awaiting Approval,Unfurnished,Yes,No,No,Yes,2
PROP-00549,Sale,Maharashtra,Mumbai,Tier 1,19.06671064891256,72.85794195112786,Independent House/Villa,2,1452,30406387.7,20941.04,145,Moderate,2025,September,2005,Vintage (2001-2015),RERA Approved,Semi-Furnished,Yes,Yes,Yes,Yes,4
PROP-00550,Rental,Maharashtra,Pune,Tier 1,18.477000984414023,73.86304083644839,Independent House/Villa,1,1129,26289.09,23.29,279,Stale,2022,January,2020,Modern (2016-2022),RERA Approved,Semi-Furnished,Yes,No,No,Yes,2
PROP-00551,Sale,Maharashtra,Chhatrapati Sambhajinagar,Tier 2,19.86108205339695,75.37368048904834,Builder Floor,2,1180,4723293.18,4002.79,11,Fast,2025,December,2005,Vintage (2001-2015),RERA Approved,Semi-Furnished,No,No,No,Yes,1
PROP-00552,Rental,Maharashtra,Pune,Tier 1,18.48149980987913,73.82041484881528,Apartment,2,1058,24921.36,23.56,58,Fast,2025,March,2015,Vintage (2001-2015),RERA Approved,Semi-Furnished,Yes,Yes,No,Yes,3
PROP-00553,Sale,Gujarat,Ahmedabad,Tier 2,23.053323521000923,72.57946990845542,Apartment,4,2168,9594887.46,4425.69,108,Moderate,2025,May,2015,Vintage (2001-2015),RERA Approved,Semi-Furnished,Yes,No,No,Yes,2
PROP-00554,Sale,Rajasthan,Jaipur,Tier 2,26.95716880259645,75.78785087603899,Builder Floor,2,1024,3824963.69,3735.32,346,Stale,2022,May,2017,Modern (2016-2022),Non-RERA / NA,Semi-Furnished,Yes,No,No,No,1
PROP-00555,Rental,Delhi,Delhi NCR,Tier 1,28.571131647525796,77.17340787860132,Apartment,3,1731,45479.44,26.27,342,Stale,2022,March,2017,Modern (2016-2022),RERA Approved,Semi-Furnished,Yes,No,No,No,1
PROP-00556,Sale,Delhi,Delhi NCR,Tier 1,28.659411520729172,77.2213998485529,Apartment,3,1702,22124612.35,12999.18,65,Moderate,2026,February,2021,Modern (2016-2022),Awaiting Approval,Semi-Furnished,Yes,No,No,Yes,2
PROP-00557,Sale,Maharashtra,Pune,Tier 1,18.522657659933675,73.83406404178608,Independent House/Villa,1,1096,8992315.29,8204.67,91,Moderate,2025,September,2020,Modern (2016-2022),RERA Approved,Semi-Furnished,Yes,No,Yes,Yes,3
PROP-00558,Sale,Karnataka,Bengaluru,Tier 1,12.951556567795388,77.5933834318544,Independent House/Villa,3,1829,17108519.35,9354.03,262,Stale,2025,April,2020,Modern (2016-2022),RERA Approved,Fully Furnished,Yes,No,No,Yes,2
PROP-00559,Rental,Gujarat,Ahmedabad,Tier 2,22.980186207527616,72.5296272324277,Builder Floor,2,1382,21235.54,15.37,182,Stale,2023,May,1983,Mature (Pre-2001),RERA Approved,Unfurnished,Yes,No,No,Yes,2
PROP-00560,Rental,Rajasthan,Jaipur,Tier 2,26.912462426807043,75.78325840572137,Builder Floor,2,1478,26323.0,17.81,246,Stale,2022,June,2012,Vintage (2001-2015),RERA Approved,Unfurnished,No,No,No,Yes,1
PROP-00561,Rental,Delhi,Delhi NCR,Tier 1,28.643351554449076,77.18964634680428,Independent House/Villa,2,1513,54673.28,36.14,207,Stale,2024,February,2014,Vintage (2001-2015),Non-RERA / NA,Semi-Furnished,Yes,No,Yes,Yes,3
PROP-00562,Sale,Delhi,Delhi NCR,Tier 1,28.634608647726672,77.24123812111854,Apartment,4,1958,23114415.53,11805.12,35,Fast,2024,November,2004,Vintage (2001-2015),RERA Approved,Unfurnished,Yes,No,No,No,1
PROP-00563,Sale,Gujarat,Ahmedabad,Tier 2,22.977522601146397,72.52709787269973,Builder Floor,2,1108,4419960.83,3989.13,293,Stale,2024,September,2023,New (2023-2026),RERA Approved,Fully Furnished,No,Yes,No,No,1
PROP-00564,Sale,Delhi,Delhi NCR,Tier 1,28.571190183536793,77.20086072749184,Apartment,2,1080,12998200.45,12035.37,84,Moderate,2025,February,2025,New (2023-2026),RERA Approved,Fully Furnished,No,No,No,Yes,1
PROP-00565,Sale,Gujarat,Ahmedabad,Tier 2,23.012787328263265,72.56724314241315,Apartment,4,1823,8566590.21,4699.17,15,Fast,2023,August,2018,Modern (2016-2022),Non-RERA / NA,Unfurnished,No,No,No,Yes,1
PROP-00566,Sale,Karnataka,Bengaluru,Tier 1,12.951129049404795,77.61710060762991,Builder Floor,1,694,5171196.72,7451.29,258,Stale,2026,January,2021,Modern (2016-2022),RERA Approved,Unfurnished,No,No,No,No,0
PROP-00567,Sale,Telangana,Hyderabad,Tier 1,17.358238432305605,78.49412875750902,Apartment,3,1693,12450381.73,7354.04,291,Stale,2022,February,2012,Vintage (2001-2015),RERA Approved,Semi-Furnished,No,No,No,Yes,1
PROP-00568,Sale,Maharashtra,Mumbai,Tier 1,19.05410044989087,72.89442123371943,Apartment,3,1611,37928768.35,23543.62,180,Moderate,2023,June,2021,Modern (2016-2022),RERA Approved,Semi-Furnished,Yes,Yes,No,No,2
PROP-00569,Rental,Maharashtra,Pune,Tier 1,18.55074827432969,73.88440492856517,Apartment,3,1506,40020.78,26.57,130,Moderate,2022,May,2017,Modern (2016-2022),RERA Approved,Unfurnished,No,No,No,Yes,1
PROP-00570,Sale,Karnataka,Bengaluru,Tier 1,13.014522805363185,77.63082029736582,Builder Floor,4,2239,22300417.45,9959.99,51,Fast,2025,September,2020,Modern (2016-2022),RERA Approved,Semi-Furnished,No,No,No,No,0
PROP-00571,Sale,Maharashtra,Pune,Tier 1,18.510910269452754,73.83808754967225,Apartment,4,2149,21297187.79,9910.28,210,Stale,2024,February,2024,New (2023-2026),Awaiting Approval,Semi-Furnished,Yes,Yes,Yes,No,3
PROP-00572,Rental,Maharashtra,Mumbai,Tier 1,19.11661110021325,72.8815022705364,Independent House/Villa,1,937,41450.67,44.24,111,Moderate,2025,October,2020,Modern (2016-2022),RERA Approved,Semi-Furnished,Yes,No,No,No,1
PROP-00573,Sale,Telangana,Hyderabad,Tier 1,17.36714957012479,78.52071080784391,Apartment,3,1322,9391145.88,7103.74,279,Stale,2025,January,2015,Vintage (2001-2015),RERA Approved,Unfurnished,No,No,Yes,Yes,2
PROP-00574,Rental,Rajasthan,Jaipur,Tier 2,26.910043698634382,75.83624511309651,Independent House/Villa,2,1924,24897.47,12.94,341,Stale,2024,July,2023,New (2023-2026),RERA Approved,Semi-Furnished,Yes,No,No,Yes,2
PROP-00575,Rental,Delhi,Delhi NCR,Tier 1,28.5865028997816,77.24795193110438,Independent House/Villa,2,1409,49307.02,34.99,127,Moderate,2024,March,2019,Modern (2016-2022),RERA Approved,Unfurnished,No,No,No,Yes,1
PROP-00576,Rental,Maharashtra,Mumbai,Tier 1,19.090047604217585,72.86484672626244,Apartment,1,566,25082.22,44.31,138,Moderate,2022,November,2017,Modern (2016-2022),RERA Approved,Fully Furnished,Yes,No,Yes,No,2
PROP-00577,Sale,Maharashtra,Mumbai,Tier 1,19.12389811151748,72.84721665172187,Apartment,3,1827,45330913.98,24811.67,111,Moderate,2025,January,2024,New (2023-2026),Non-RERA / NA,Semi-Furnished,Yes,No,Yes,Yes,3
PROP-00578,Rental,Maharashtra,Pune,Tier 1,18.530749309604335,73.85563925374066,Apartment,4,1916,44693.57,23.33,309,Stale,2026,April,2025,New (2023-2026),Awaiting Approval,Semi-Furnished,Yes,No,No,Yes,2
PROP-00579,Sale,Maharashtra,Pune,Tier 1,18.506181408411354,73.88086414518361,Builder Floor,4,2196,16337240.75,7439.54,333,Stale,2023,November,1983,Mature (Pre-2001),Awaiting Approval,Fully Furnished,Yes,No,No,Yes,2
PROP-00580,Sale,Maharashtra,Pune,Tier 1,18.53518174459905,73.85595690707534,Apartment,2,1077,6673005.76,6195.92,54,Fast,2024,April,2022,Modern (2016-2022),Awaiting Approval,Fully Furnished,Yes,No,No,Yes,2
PROP-00581,Sale,Delhi,Delhi NCR,Tier 1,28.57619206784654,77.20731808633137,Builder Floor,1,841,8313190.97,9884.89,341,Stale,2024,February,2023,New (2023-2026),RERA Approved,Semi-Furnished,Yes,No,No,Yes,2
PROP-00582,Rental,Karnataka,Bengaluru,Tier 1,13.010465908026541,77.62842304210818,Apartment,2,1226,41377.1,33.75,99,Moderate,2022,February,2021,Modern (2016-2022),RERA Approved,Unfurnished,Yes,No,Yes,Yes,3
PROP-00583,Sale,Maharashtra,Pune,Tier 1,18.520708395077982,73.84284037790673,Independent House/Villa,3,2406,17740600.13,7373.48,272,Stale,2025,January,2020,Modern (2016-2022),RERA Approved,Semi-Furnished,Yes,No,No,Yes,2
PROP-00584,Sale,Karnataka,Bengaluru,Tier 1,12.966534974203965,77.63057946748117,Independent House/Villa,3,1857,19314288.61,10400.8,27,Fast,2026,March,2021,Modern (2016-2022),RERA Approved,Semi-Furnished,Yes,No,No,Yes,2
PROP-00585,Rental,Maharashtra,Chhatrapati Sambhajinagar,Tier 2,19.884786478845353,75.33398048009518,Independent House/Villa,2,1788,20851.31,11.66,58,Fast,2023,June,2018,Modern (2016-2022),RERA Approved,Unfurnished,Yes,No,No,No,1
PROP-00586,Sale,Maharashtra,Mumbai,Tier 1,19.08847838627894,72.86052331056784,Builder Floor,1,709,13079520.87,18447.84,258,Stale,2025,July,2025,New (2023-2026),RERA Approved,Fully Furnished,Yes,No,No,No,1
PROP-00587,Sale,Telangana,Hyderabad,Tier 1,17.342177580622653,78.48209899111997,Apartment,2,1038,6458403.46,6221.97,239,Stale,2022,October,2002,Vintage (2001-2015),RERA Approved,Unfurnished,Yes,Yes,No,No,2
PROP-00588,Sale,Karnataka,Bengaluru,Tier 1,12.98986172212234,77.62084469586749,Apartment,2,869,7210908.47,8297.94,63,Moderate,2024,August,2022,Modern (2016-2022),Awaiting Approval,Unfurnished,Yes,Yes,No,Yes,3
PROP-00589,Sale,Karnataka,Bengaluru,Tier 1,12.945793168031553,77.5572002027864,Independent House/Villa,4,2408,29782555.96,12368.17,168,Moderate,2026,January,2024,New (2023-2026),RERA Approved,Unfurnished,Yes,No,No,No,1
PROP-00590,Sale,Telangana,Hyderabad,Tier 1,17.406395263250662,78.4563419215872,Independent House/Villa,2,1865,15993940.33,8575.84,263,Stale,2026,May,2021,Modern (2016-2022),Non-RERA / NA,Semi-Furnished,Yes,No,No,Yes,2
PROP-00591,Sale,Telangana,Hyderabad,Tier 1,17.417253479438422,78.53184448256631,Apartment,2,1031,6780918.91,6577.03,318,Stale,2022,April,2020,Modern (2016-2022),RERA Approved,Semi-Furnished,Yes,No,No,Yes,2
PROP-00592,Rental,Maharashtra,Chhatrapati Sambhajinagar,Tier 2,19.906595850755252,75.31084916273814,Apartment,2,970,15881.7,16.37,220,Stale,2025,January,2005,Vintage (2001-2015),RERA Approved,Semi-Furnished,Yes,Yes,Yes,Yes,4
PROP-00593,Sale,Maharashtra,Mumbai,Tier 1,19.08125009674079,72.88447273179311,Apartment,1,501,8169366.69,16306.12,187,Stale,2025,September,2005,Vintage (2001-2015),RERA Approved,Semi-Furnished,No,No,No,Yes,1
PROP-00594,Sale,Maharashtra,Mumbai,Tier 1,19.078016989231077,72.8856314466662,Apartment,4,2383,41473506.68,17403.91,61,Moderate,2022,March,2020,Modern (2016-2022),RERA Approved,Semi-Furnished,No,No,No,Yes,1
PROP-00595,Rental,Telangana,Hyderabad,Tier 1,17.349287596133944,78.48566244620503,Apartment,2,1149,24554.11,21.37,149,Moderate,2025,September,2005,Vintage (2001-2015),RERA Approved,Semi-Furnished,No,No,No,No,0
PROP-00596,Sale,Maharashtra,Pune,Tier 1,18.54793461504031,73.87117452485768,Apartment,2,958,6900560.53,7203.09,94,Moderate,2024,December,2014,Vintage (2001-2015),RERA Approved,Unfurnished,Yes,No,Yes,Yes,3
PROP-00597,Rental,Delhi,Delhi NCR,Tier 1,28.59104093804467,77.18198267257976,Independent House/Villa,2,1435,50476.09,35.17,315,Stale,2024,January,2004,Vintage (2001-2015),RERA Approved,Fully Furnished,Yes,Yes,No,Yes,3
PROP-00598,Sale,Maharashtra,Mumbai,Tier 1,19.075669542281794,72.88296622677768,Apartment,3,1426,28989575.32,20329.3,49,Fast,2025,January,2024,New (2023-2026),RERA Approved,Unfurnished,Yes,No,No,Yes,2
PROP-00599,Sale,Maharashtra,Mumbai,Tier 1,19.054427409292753,72.8649173255247,Apartment,3,1827,43682930.24,23909.65,261,Stale,2022,July,2017,Modern (2016-2022),RERA Approved,Fully Furnished,Yes,Yes,No,Yes,3
PROP-00600,Sale,Rajasthan,Jaipur,Tier 2,26.875782836299972,75.80346672596292,Apartment,3,1623,8602465.83,5300.35,25,Fast,2025,May,2023,New (2023-2026),RERA Approved,Unfurnished,No,No,No,Yes,1
PROP-00601,Sale,Maharashtra,Mumbai,Tier 1,19.088955769689175,72.84182235433732,Apartment,2,1063,17728313.81,16677.62,25,Fast,2025,July,2015,Vintage (2001-2015),RERA Approved,Semi-Furnished,Yes,No,No,Yes,2
PROP-00602,Sale,Delhi,Delhi NCR,Tier 1,28.56933320348229,77.21608774168395,Independent House/Villa,2,1741,19966996.57,11468.69,56,Fast,2023,February,2023,New (2023-2026),RERA Approved,Unfurnished,Yes,No,No,No,1
PROP-00603,Sale,Delhi,Delhi NCR,Tier 1,28.638764523412622,77.17752703553833,Builder Floor,1,697,6863558.82,9847.29,342,Stale,2022,November,2017,Modern (2016-2022),RERA Approved,Unfurnished,Yes,No,No,Yes,2
PROP-00604,Sale,Delhi,Delhi NCR,Tier 1,28.595658679526114,77.1868643063115,Apartment,3,1759,15216833.93,8650.84,175,Moderate,2022,December,2020,Modern (2016-2022),RERA Approved,Fully Furnished,No,No,No,Yes,1
PROP-00605,Sale,Maharashtra,Mumbai,Tier 1,19.026013469300448,72.84957098003237,Independent House/Villa,1,1165,30326434.07,26031.27,71,Moderate,2024,September,2022,Modern (2016-2022),RERA Approved,Fully Furnished,No,No,No,No,0
PROP-00606,Sale,Karnataka,Bengaluru,Tier 1,12.972712913923724,77.56288377798688,Builder Floor,2,1076,10969471.38,10194.68,117,Moderate,2024,February,2019,Modern (2016-2022),RERA Approved,Semi-Furnished,Yes,No,Yes,No,2
PROP-00607,Sale,Maharashtra,Mumbai,Tier 1,19.03068519085276,72.91027109515608,Independent House/Villa,3,1893,42614828.1,22511.8,304,Stale,2022,March,2002,Vintage (2001-2015),Awaiting Approval,Semi-Furnished,No,No,No,No,0
PROP-00608,Sale,Gujarat,Ahmedabad,Tier 2,23.00011695578209,72.54997075676609,Apartment,3,1597,7988806.64,5002.38,164,Moderate,2022,September,2017,Modern (2016-2022),RERA Approved,Semi-Furnished,Yes,No,No,No,1
PROP-00609,Sale,Delhi,Delhi NCR,Tier 1,28.634597648745572,77.25171237818645,Builder Floor,2,1469,12043079.47,8198.15,270,Stale,2024,August,2004,Vintage (2001-2015),RERA Approved,Fully Furnished,No,No,No,Yes,1
PROP-00610,Rental,Maharashtra,Pune,Tier 1,18.476668962162186,73.90369265253452,Apartment,2,973,24787.7,25.48,324,Stale,2024,March,2022,Modern (2016-2022),RERA Approved,Semi-Furnished,No,Yes,No,Yes,2
PROP-00611,Sale,Rajasthan,Jaipur,Tier 2,26.9463338492356,75.7944260469937,Apartment,1,598,2974446.24,4973.99,236,Stale,2024,September,2019,Modern (2016-2022),RERA Approved,Semi-Furnished,No,Yes,No,No,1
PROP-00612,Rental,Telangana,Hyderabad,Tier 1,17.33538199226586,78.45100011226657,Apartment,3,1733,38913.21,22.45,329,Stale,2022,November,2017,Modern (2016-2022),RERA Approved,Semi-Furnished,Yes,No,No,No,1
PROP-00613,Rental,Maharashtra,Pune,Tier 1,18.49508238692019,73.84415482433796,Apartment,3,1423,34721.55,24.4,72,Moderate,2025,November,2025,New (2023-2026),RERA Approved,Semi-Furnished,Yes,Yes,Yes,Yes,4
PROP-00614,Sale,Delhi,Delhi NCR,Tier 1,28.63799040561521,77.23877322633483,Apartment,2,864,10422740.28,12063.36,32,Fast,2025,September,2020,Modern (2016-2022),RERA Approved,Fully Furnished,Yes,Yes,No,Yes,3
PROP-00615,Rental,Delhi,Delhi NCR,Tier 1,28.59552701497293,77.19573907286971,Apartment,2,890,26768.14,30.08,120,Moderate,2024,January,2019,Modern (2016-2022),RERA Approved,Unfurnished,Yes,Yes,No,No,2
PROP-00616,Rental,Telangana,Hyderabad,Tier 1,17.345189238806604,78.44540172183028,Apartment,3,1712,38029.25,22.21,55,Fast,2024,April,2019,Modern (2016-2022),RERA Approved,Unfurnished,No,No,No,Yes,1
PROP-00617,Sale,Maharashtra,Chhatrapati Sambhajinagar,Tier 2,19.862223391880043,75.34897849109282,Independent House/Villa,3,1952,11090322.93,5681.52,185,Stale,2023,March,2013,Vintage (2001-2015),RERA Approved,Semi-Furnished,Yes,No,No,Yes,2
PROP-00618,Sale,Telangana,Hyderabad,Tier 1,17.362039328638453,78.5212120851496,Builder Floor,2,1198,8330801.26,6953.92,264,Stale,2025,February,2020,Modern (2016-2022),RERA Approved,Semi-Furnished,Yes,No,No,Yes,2
PROP-00619,Rental,Maharashtra,Pune,Tier 1,18.554671190216055,73.88629263871435,Apartment,2,1050,28379.63,27.03,83,Moderate,2022,November,2022,Modern (2016-2022),RERA Approved,Unfurnished,Yes,Yes,No,No,2
PROP-00620,Rental,Telangana,Hyderabad,Tier 1,17.366334791758515,78.45421231401303,Builder Floor,1,798,19977.01,25.03,277,Stale,2024,October,2023,New (2023-2026),RERA Approved,Semi-Furnished,Yes,No,No,No,1
PROP-00621,Sale,Karnataka,Bengaluru,Tier 1,13.000493247177602,77.61187646144124,Builder Floor,1,626,4341008.32,6934.52,112,Moderate,2022,August,2017,Modern (2016-2022),Non-RERA / NA,Fully Furnished,Yes,No,No,Yes,2
PROP-00622,Sale,Maharashtra,Mumbai,Tier 1,19.115187214481075,72.84975042634358,Independent House/Villa,4,2632,77781135.31,29552.1,78,Moderate,2024,April,2022,Modern (2016-2022),Non-RERA / NA,Unfurnished,Yes,No,No,Yes,2
PROP-00623,Sale,Maharashtra,Pune,Tier 1,18.51378174195765,73.82852075345522,Apartment,3,1566,12499071.62,7981.53,179,Moderate,2024,May,2024,New (2023-2026),RERA Approved,Semi-Furnished,Yes,No,No,Yes,2
PROP-00624,Sale,Maharashtra,Chhatrapati Sambhajinagar,Tier 2,19.91719431438544,75.38070717733052,Independent House/Villa,3,2239,14019883.35,6261.67,188,Stale,2025,June,2023,New (2023-2026),RERA Approved,Semi-Furnished,Yes,No,No,Yes,2
PROP-00625,Rental,Maharashtra,Mumbai,Tier 1,19.06373180539632,72.85266689527403,Builder Floor,1,824,45976.97,55.8,27,Fast,2024,March,2019,Modern (2016-2022),RERA Approved,Semi-Furnished,No,No,No,Yes,1
PROP-00626,Sale,Telangana,Hyderabad,Tier 1,17.431407841649012,78.4630247346518,Independent House/Villa,3,1929,17417151.12,9029.11,278,Stale,2026,March,2024,New (2023-2026),RERA Approved,Fully Furnished,Yes,Yes,No,Yes,3
PROP-00627,Sale,Delhi,Delhi NCR,Tier 1,28.572828952452557,77.15906533907614,Apartment,2,1173,14652432.14,12491.42,133,Moderate,2024,October,2014,Vintage (2001-2015),Awaiting Approval,Semi-Furnished,No,Yes,No,Yes,2
PROP-00628,Rental,Maharashtra,Pune,Tier 1,18.53910192665032,73.89376690341255,Apartment,2,1127,25576.84,22.69,295,Stale,2023,June,2018,Modern (2016-2022),Non-RERA / NA,Semi-Furnished,Yes,Yes,Yes,No,3
PROP-00629,Sale,Maharashtra,Mumbai,Tier 1,19.075381404045693,72.90695948132091,Apartment,2,1072,17651346.31,16465.81,324,Stale,2024,August,2022,Modern (2016-2022),RERA Approved,Semi-Furnished,Yes,No,No,No,1
PROP-00630,Sale,Karnataka,Bengaluru,Tier 1,12.960364880545566,77.60733289350907,Apartment,1,564,5907712.27,10474.67,190,Stale,2023,March,2013,Vintage (2001-2015),RERA Approved,Semi-Furnished,Yes,Yes,Yes,Yes,4
PROP-00631,Rental,Telangana,Hyderabad,Tier 1,17.39827118787486,78.51172657639388,Apartment,3,1522,39386.37,25.88,63,Moderate,2022,February,2017,Modern (2016-2022),RERA Approved,Semi-Furnished,Yes,No,No,Yes,2
PROP-00632,Rental,Delhi,Delhi NCR,Tier 1,28.634285709163436,77.17420485674245,Apartment,2,905,33031.4,36.5,5,Fast,2023,April,2018,Modern (2016-2022),RERA Approved,Fully Furnished,Yes,Yes,No,No,2
PROP-00633,Sale,Telangana,Hyderabad,Tier 1,17.335436326965034,78.48253235945876,Independent House/Villa,1,1227,11595928.91,9450.63,135,Moderate,2022,October,2017,Modern (2016-2022),Non-RERA / NA,Semi-Furnished,Yes,No,No,Yes,2
PROP-00634,Sale,Gujarat,Ahmedabad,Tier 2,22.98919530887472,72.55652193873487,Builder Floor,1,741,3685470.8,4973.64,71,Moderate,2024,April,2024,New (2023-2026),Awaiting Approval,Unfurnished,Yes,No,No,No,1
PROP-00635,Sale,Rajasthan,Jaipur,Tier 2,26.933704605063433,75.7466776526257,Apartment,1,552,2302838.61,4171.81,297,Stale,2022,January,2017,Modern (2016-2022),RERA Approved,Unfurnished,Yes,No,No,Yes,2
PROP-00636,Sale,Delhi,Delhi NCR,Tier 1,28.630538541357822,77.2076130485215,Builder Floor,1,689,9119192.07,13235.4,289,Stale,2022,March,2020,Modern (2016-2022),RERA Approved,Unfurnished,Yes,No,Yes,No,2
PROP-00637,Sale,Karnataka,Bengaluru,Tier 1,13.018204750512869,77.63667396503426,Apartment,2,1212,10051219.46,8293.09,93,Moderate,2022,June,2002,Vintage (2001-2015),RERA Approved,Unfurnished,Yes,Yes,No,No,2
PROP-00638,Sale,Maharashtra,Mumbai,Tier 1,19.10210377902508,72.83170591190508,Independent House/Villa,3,2278,62286412.63,27342.59,104,Moderate,2024,October,2014,Vintage (2001-2015),RERA Approved,Fully Furnished,Yes,No,Yes,No,2
PROP-00639,Sale,Maharashtra,Chhatrapati Sambhajinagar,Tier 2,19.921277270773135,75.32244609134938,Independent House/Villa,1,972,5639934.42,5802.4,193,Stale,2023,February,2018,Modern (2016-2022),Awaiting Approval,Semi-Furnished,No,Yes,Yes,No,2
PROP-00640,Sale,Rajasthan,Jaipur,Tier 2,26.93265405015348,75.75805409362057,Independent House/Villa,1,1132,6480093.24,5724.46,350,Stale,2023,February,2021,Modern (2016-2022),RERA Approved,Semi-Furnished,Yes,No,Yes,No,2
PROP-00641,Sale,Maharashtra,Pune,Tier 1,18.500205220863943,73.83051466536658,Builder Floor,2,1383,10421398.01,7535.36,245,Stale,2022,April,2021,Modern (2016-2022),RERA Approved,Semi-Furnished,Yes,No,No,Yes,2
PROP-00642,Sale,Gujarat,Ahmedabad,Tier 2,22.983036492225086,72.61224345518794,Apartment,3,1751,10913142.86,6232.52,274,Stale,2025,July,2023,New (2023-2026),RERA Approved,Fully Furnished,No,Yes,No,Yes,2
PROP-00643,Sale,Karnataka,Bengaluru,Tier 1,12.999782386334495,77.59140690542343,Builder Floor,2,1257,12229524.98,9729.14,223,Stale,2025,December,2020,Modern (2016-2022),Awaiting Approval,Semi-Furnished,Yes,Yes,No,Yes,3
PROP-00644,Sale,Maharashtra,Pune,Tier 1,18.53481492214759,73.85332994129399,Apartment,2,1207,10720883.84,8882.26,180,Moderate,2025,October,2023,New (2023-2026),RERA Approved,Fully Furnished,No,No,No,No,0
PROP-00645,Sale,Maharashtra,Mumbai,Tier 1,19.03081860123933,72.90375756424554,Independent House/Villa,2,1531,27644450.65,18056.47,345,Stale,2023,August,2018,Modern (2016-2022),Awaiting Approval,Semi-Furnished,Yes,No,No,No,1
PROP-00646,Rental,Telangana,Hyderabad,Tier 1,17.3710050465901,78.45214922040049,Independent House/Villa,2,1622,36405.17,22.44,237,Stale,2023,October,2022,Modern (2016-2022),Awaiting Approval,Fully Furnished,No,No,No,Yes,1
PROP-00647,Sale,Maharashtra,Mumbai,Tier 1,19.12167998154843,72.87642653541,Independent House/Villa,1,1330,35946798.28,27027.67,155,Moderate,2024,November,1984,Mature (Pre-2001),Non-RERA / NA,Semi-Furnished,Yes,No,No,Yes,2
PROP-00648,Rental,Gujarat,Ahmedabad,Tier 2,23.022540114571022,72.5643985214121,Apartment,3,1812,31203.51,17.22,281,Stale,2022,April,2021,Modern (2016-2022),RERA Approved,Unfurnished,No,No,No,No,0
PROP-00649,Rental,Gujarat,Ahmedabad,Tier 2,23.01577291360197,72.58109106905466,Builder Floor,2,1349,27467.59,20.36,233,Stale,2022,November,2002,Vintage (2001-2015),RERA Approved,Semi-Furnished,Yes,Yes,No,Yes,3
PROP-00650,Sale,Telangana,Hyderabad,Tier 1,17.38076996051593,78.53665577032504,Apartment,2,1193,6967146.08,5840.02,175,Moderate,2024,September,2004,Vintage (2001-2015),RERA Approved,Semi-Furnished,Yes,No,Yes,Yes,3
PROP-00651,Sale,Maharashtra,Mumbai,Tier 1,19.046888272400516,72.9046448894082,Apartment,3,1328,21422403.59,16131.33,227,Stale,2025,December,2020,Modern (2016-2022),RERA Approved,Unfurnished,Yes,Yes,Yes,No,3
PROP-00652,Sale,Delhi,Delhi NCR,Tier 1,28.60077071708648,77.19878657030175,Independent House/Villa,3,2511,32032460.05,12756.85,217,Stale,2023,March,2013,Vintage (2001-2015),RERA Approved,Semi-Furnished,Yes,No,No,Yes,2
PROP-00653,Sale,Delhi,Delhi NCR,Tier 1,28.600881325598717,77.24175530522741,Apartment,2,978,8174394.62,8358.28,286,Stale,2023,September,2021,Modern (2016-2022),RERA Approved,Semi-Furnished,Yes,No,No,Yes,2
PROP-00654,Rental,Delhi,Delhi NCR,Tier 1,28.56913550201875,77.17607083633125,Independent House/Villa,2,1474,57309.91,38.88,45,Fast,2023,December,2018,Modern (2016-2022),RERA Approved,Unfurnished,Yes,Yes,No,Yes,3
PROP-00655,Sale,Maharashtra,Mumbai,Tier 1,19.102756762851794,72.8307463686309,Apartment,1,472,8049738.18,17054.53,126,Moderate,2024,June,2022,Modern (2016-2022),Awaiting Approval,Fully Furnished,No,No,No,Yes,1
PROP-00656,Sale,Maharashtra,Chhatrapati Sambhajinagar,Tier 2,19.867850443190388,75.31374483724643,Apartment,1,508,2388008.23,4700.8,231,Stale,2024,December,2022,Modern (2016-2022),RERA Approved,Semi-Furnished,Yes,No,No,Yes,2
PROP-00657,Sale,Maharashtra,Pune,Tier 1,18.55261798868164,73.84074115561143,Independent House/Villa,3,1996,14482674.94,7255.85,298,Stale,2025,August,2020,Modern (2016-2022),RERA Approved,Fully Furnished,No,No,No,Yes,1
PROP-00658,Sale,Delhi,Delhi NCR,Tier 1,28.64893480011199,77.21005807574596,Apartment,3,1467,16561399.54,11289.3,92,Moderate,2025,October,2020,Modern (2016-2022),Awaiting Approval,Semi-Furnished,Yes,Yes,No,Yes,3
PROP-00659,Rental,Karnataka,Bengaluru,Tier 1,12.942799405469867,77.60611291405412,Apartment,4,1807,48885.72,27.05,271,Stale,2023,January,2018,Modern (2016-2022),Awaiting Approval,Semi-Furnished,No,Yes,No,Yes,2
PROP-00660,Sale,Karnataka,Bengaluru,Tier 1,12.987335348217014,77.63566057172144,Independent House/Villa,2,1549,12717511.3,8210.14,33,Fast,2022,July,2020,Modern (2016-2022),Awaiting Approval,Semi-Furnished,No,No,No,Yes,1
PROP-00661,Sale,Maharashtra,Pune,Tier 1,18.517628180416295,73.85768540095505,Apartment,1,539,3942660.88,7314.77,251,Stale,2022,September,2020,Modern (2016-2022),RERA Approved,Semi-Furnished,Yes,No,No,Yes,2
PROP-00662,Rental,Karnataka,Bengaluru,Tier 1,13.00961567379215,77.59472756446257,Apartment,1,513,12909.32,25.16,320,Stale,2023,May,2023,New (2023-2026),Non-RERA / NA,Fully Furnished,No,No,No,No,0
PROP-00663,Rental,Rajasthan,Jaipur,Tier 2,26.88397406791765,75.7423243009823,Apartment,3,1483,27938.3,18.84,248,Stale,2026,March,2026,New (2023-2026),RERA Approved,Unfurnished,No,Yes,No,Yes,2
PROP-00664,Sale,Karnataka,Bengaluru,Tier 1,12.989381320031004,77.54809115526562,Independent House/Villa,2,1837,16578863.04,9024.97,65,Moderate,2023,March,2021,Modern (2016-2022),RERA Approved,Fully Furnished,Yes,No,No,No,1
PROP-00665,Sale,Maharashtra,Chhatrapati Sambhajinagar,Tier 2,19.886975212225273,75.34841599619163,Independent House/Villa,2,1931,10854225.18,5621.04,151,Moderate,2025,April,2025,New (2023-2026),RERA Approved,Fully Furnished,Yes,No,No,No,1
PROP-00666,Sale,Rajasthan,Jaipur,Tier 2,26.891930147757186,75.78111786132483,Independent House/Villa,3,2420,16229299.01,6706.32,178,Moderate,2024,October,2023,New (2023-2026),RERA Approved,Semi-Furnished,Yes,No,No,Yes,2
PROP-00667,Sale,Delhi,Delhi NCR,Tier 1,28.577560090365118,77.24291803949804,Apartment,3,1474,17417631.38,11816.57,282,Stale,2022,December,2012,Vintage (2001-2015),RERA Approved,Fully Furnished,No,No,Yes,No,1
PROP-00668,Sale,Maharashtra,Chhatrapati Sambhajinagar,Tier 2,19.891363976047728,75.30936795847119,Independent House/Villa,3,2410,17010042.67,7058.11,338,Stale,2022,May,2022,Modern (2016-2022),RERA Approved,Semi-Furnished,Yes,No,No,Yes,2
PROP-00669,Sale,Maharashtra,Mumbai,Tier 1,19.099859745813234,72.8301971662117,Independent House/Villa,1,1001,29986588.17,29956.63,146,Moderate,2023,March,2018,Modern (2016-2022),RERA Approved,Fully Furnished,Yes,No,Yes,No,2
PROP-00670,Sale,Gujarat,Ahmedabad,Tier 2,23.004062734376337,72.56630387679301,Independent House/Villa,3,1894,11540326.3,6093.1,48,Fast,2022,September,2020,Modern (2016-2022),RERA Approved,Semi-Furnished,Yes,No,No,Yes,2
PROP-00671,Sale,Karnataka,Bengaluru,Tier 1,12.986083260402232,77.56834785567523,Apartment,3,1482,14157432.68,9552.92,148,Moderate,2022,September,2002,Vintage (2001-2015),RERA Approved,Unfurnished,Yes,No,No,No,1
PROP-00672,Rental,Rajasthan,Jaipur,Tier 2,26.901913090761152,75.74226143733388,Builder Floor,2,1407,18318.04,13.02,357,Stale,2022,April,2017,Modern (2016-2022),Non-RERA / NA,Fully Furnished,No,No,No,Yes,1
PROP-00673,Sale,Rajasthan,Jaipur,Tier 2,26.933720688328265,75.80975982868476,Independent House/Villa,2,1517,7431414.64,4898.76,337,Stale,2025,December,2023,New (2023-2026),RERA Approved,Semi-Furnished,No,No,No,No,0
PROP-00674,Sale,Gujarat,Ahmedabad,Tier 2,22.992421527489405,72.53255929999573,Apartment,2,875,5122175.68,5853.92,59,Fast,2022,May,2017,Modern (2016-2022),RERA Approved,Semi-Furnished,Yes,No,No,Yes,2
PROP-00675,Sale,Gujarat,Ahmedabad,Tier 2,23.06152150026362,72.58223195000078,Apartment,4,1805,9234316.52,5115.96,311,Stale,2025,May,2023,New (2023-2026),RERA Approved,Semi-Furnished,Yes,Yes,No,No,2
PROP-00676,Rental,Delhi,Delhi NCR,Tier 1,28.59264095964656,77.1871049750167,Builder Floor,1,835,29618.0,35.47,362,Stale,2024,September,2019,Modern (2016-2022),Non-RERA / NA,Unfurnished,Yes,Yes,No,Yes,3
PROP-00677,Sale,Maharashtra,Mumbai,Tier 1,19.062778598775616,72.84504960503551,Apartment,2,1103,26080626.27,23645.17,165,Moderate,2026,May,2025,New (2023-2026),Awaiting Approval,Semi-Furnished,Yes,Yes,Yes,No,3
PROP-00678,Sale,Karnataka,Bengaluru,Tier 1,12.927409195208035,77.58257515229194,Builder Floor,1,665,5719064.38,8600.1,289,Stale,2022,November,1982,Mature (Pre-2001),RERA Approved,Fully Furnished,Yes,Yes,Yes,Yes,4
PROP-00679,Rental,Maharashtra,Mumbai,Tier 1,19.03715122123213,72.9078445776223,Independent House/Villa,3,2251,136172.22,60.49,329,Stale,2022,September,2020,Modern (2016-2022),RERA Approved,Unfurnished,Yes,No,Yes,Yes,3
PROP-00680,Rental,Telangana,Hyderabad,Tier 1,17.386586190271235,78.47590935769045,Apartment,1,530,11398.03,21.51,202,Stale,2023,October,2021,Modern (2016-2022),RERA Approved,Unfurnished,Yes,No,No,No,1
PROP-00681,Rental,Delhi,Delhi NCR,Tier 1,28.590659267672798,77.23407696492112,Apartment,2,1112,30246.66,27.2,163,Moderate,2022,November,2012,Vintage (2001-2015),Non-RERA / NA,Unfurnished,Yes,No,No,No,1
PROP-00682,Sale,Maharashtra,Chhatrapati Sambhajinagar,Tier 2,19.90974802257422,75.30584862967991,Apartment,2,943,5272844.12,5591.56,84,Moderate,2025,February,2023,New (2023-2026),Awaiting Approval,Semi-Furnished,Yes,No,No,Yes,2
PROP-00683,Sale,Maharashtra,Pune,Tier 1,18.471869338865496,73.88397714196651,Builder Floor,4,2630,20059943.88,7627.36,35,Fast,2024,June,2014,Vintage (2001-2015),Awaiting Approval,Semi-Furnished,Yes,Yes,No,No,2
PROP-00684,Rental,Gujarat,Ahmedabad,Tier 2,23.010409404867193,72.54509333249067,Apartment,2,973,17457.52,17.94,116,Moderate,2025,November,2020,Modern (2016-2022),RERA Approved,Semi-Furnished,No,Yes,No,No,1
PROP-00685,Rental,Maharashtra,Mumbai,Tier 1,19.05973455467691,72.8954393129889,Independent House/Villa,1,1240,62048.58,50.04,50,Fast,2023,March,2013,Vintage (2001-2015),RERA Approved,Fully Furnished,Yes,No,No,No,1
PROP-00686,Sale,Rajasthan,Jaipur,Tier 2,26.864332763091763,75.79387815548411,Apartment,3,1284,5496602.39,4280.84,357,Stale,2022,July,2021,Modern (2016-2022),Awaiting Approval,Semi-Furnished,Yes,No,No,Yes,2
PROP-00687,Sale,Rajasthan,Jaipur,Tier 2,26.874836839900052,75.83021447172118,Apartment,2,999,5007530.4,5012.54,209,Stale,2026,January,2016,Modern (2016-2022),RERA Approved,Unfurnished,No,No,No,Yes,1
PROP-00688,Sale,Karnataka,Bengaluru,Tier 1,12.962964267491865,77.58333225179753,Apartment,4,1981,18002129.33,9087.39,56,Fast,2025,April,2015,Vintage (2001-2015),RERA Approved,Fully Furnished,Yes,No,No,No,1
PROP-00689,Rental,Maharashtra,Pune,Tier 1,18.519686458444742,73.81331651888345,Apartment,1,533,13214.87,24.79,142,Moderate,2024,April,2023,New (2023-2026),RERA Approved,Semi-Furnished,Yes,No,Yes,Yes,3
PROP-00690,Sale,Telangana,Hyderabad,Tier 1,17.375428974725487,78.43861554855512,Builder Floor,2,1054,6558974.81,6222.94,78,Moderate,2025,October,2024,New (2023-2026),Non-RERA / NA,Semi-Furnished,Yes,No,Yes,Yes,3
PROP-00691,Sale,Maharashtra,Mumbai,Tier 1,19.07909376784121,72.91038585609728,Apartment,2,1166,28282179.37,24255.73,45,Fast,2025,January,2023,New (2023-2026),RERA Approved,Semi-Furnished,Yes,No,No,Yes,2
PROP-00692,Sale,Karnataka,Bengaluru,Tier 1,12.981113167490568,77.59707356376614,Apartment,1,468,3184063.03,6803.55,81,Moderate,2022,July,1982,Mature (Pre-2001),RERA Approved,Fully Furnished,No,No,No,Yes,1
PROP-00693,Sale,Karnataka,Bengaluru,Tier 1,12.922592382112784,77.6221244051835,Apartment,3,1681,17887469.47,10640.97,191,Stale,2024,March,2022,Modern (2016-2022),RERA Approved,Semi-Furnished,Yes,No,Yes,No,2
PROP-00694,Sale,Maharashtra,Mumbai,Tier 1,19.072409515945353,72.85114256000115,Apartment,2,1171,21482275.89,18345.24,56,Fast,2024,October,2019,Modern (2016-2022),Awaiting Approval,Semi-Furnished,Yes,No,No,No,1
PROP-00695,Sale,Delhi,Delhi NCR,Tier 1,28.66024992408876,77.19350837455133,Apartment,3,1612,18518346.27,11487.81,91,Moderate,2022,May,2022,Modern (2016-2022),RERA Approved,Semi-Furnished,Yes,No,No,Yes,2
PROP-00696,Rental,Maharashtra,Mumbai,Tier 1,19.077903228012957,72.83071038722113,Builder Floor,2,1375,87485.1,63.63,113,Moderate,2024,May,2022,Modern (2016-2022),RERA Approved,Unfurnished,Yes,Yes,Yes,Yes,4
PROP-00697,Sale,Maharashtra,Mumbai,Tier 1,19.093754226745897,72.92384923245741,Apartment,2,1114,18265114.95,16395.97,229,Stale,2023,September,2018,Modern (2016-2022),RERA Approved,Semi-Furnished,No,No,No,Yes,1
PROP-00698,Sale,Maharashtra,Mumbai,Tier 1,19.057186385791688,72.89448679067009,Apartment,2,992,20120395.2,20282.66,252,Stale,2026,May,1986,Mature (Pre-2001),Awaiting Approval,Semi-Furnished,No,No,No,Yes,1
PROP-00699,Sale,Maharashtra,Chhatrapati Sambhajinagar,Tier 2,19.903599137815277,75.38662050877593,Apartment,4,2347,13052009.88,5561.15,73,Moderate,2025,October,2020,Modern (2016-2022),Non-RERA / NA,Unfurnished,Yes,No,Yes,Yes,3
PROP-00700,Sale,Maharashtra,Pune,Tier 1,18.54769214818761,73.8332496407429,Builder Floor,2,1161,9963243.58,8581.61,124,Moderate,2023,November,2013,Vintage (2001-2015),Awaiting Approval,Unfurnished,Yes,No,No,No,1
PROP-00701,Sale,Maharashtra,Chhatrapati Sambhajinagar,Tier 2,19.878329604765415,75.35444636112257,Apartment,2,1078,5004485.75,4642.38,71,Moderate,2023,November,2018,Modern (2016-2022),RERA Approved,Unfurnished,Yes,No,No,No,1
PROP-00702,Sale,Karnataka,Bengaluru,Tier 1,13.019201382327921,77.61244999682927,Apartment,2,1148,11033283.89,9610.87,65,Moderate,2025,January,2025,New (2023-2026),Non-RERA / NA,Semi-Furnished,Yes,No,No,Yes,2
PROP-00703,Sale,Delhi,Delhi NCR,Tier 1,28.576455021476267,77.19075497002576,Independent House/Villa,2,1602,22388622.87,13975.42,331,Stale,2024,November,2022,Modern (2016-2022),RERA Approved,Fully Furnished,Yes,No,No,No,1
PROP-00704,Sale,Karnataka,Bengaluru,Tier 1,12.923294766488958,77.62941092350157,Apartment,2,971,10618665.51,10935.8,195,Stale,2023,August,2018,Modern (2016-2022),RERA Approved,Fully Furnished,Yes,Yes,No,Yes,3
PROP-00705,Sale,Karnataka,Bengaluru,Tier 1,12.99861582117571,77.63931614629003,Apartment,4,2067,20308569.51,9825.14,193,Stale,2022,June,1982,Mature (Pre-2001),RERA Approved,Semi-Furnished,Yes,No,No,No,1
PROP-00706,Rental,Maharashtra,Mumbai,Tier 1,19.10671555373649,72.9161855117696,Apartment,2,1177,54621.01,46.41,155,Moderate,2025,October,2005,Vintage (2001-2015),RERA Approved,Semi-Furnished,No,No,No,Yes,1
PROP-00707,Sale,Maharashtra,Pune,Tier 1,18.482420722912057,73.88060669759395,Independent House/Villa,3,2566,30224274.95,11778.75,290,Stale,2024,February,2023,New (2023-2026),Awaiting Approval,Fully Furnished,Yes,Yes,No,No,2
PROP-00708,Rental,Delhi,Delhi NCR,Tier 1,28.590458283295863,77.1867464679725,Apartment,1,534,16532.5,30.96,100,Moderate,2024,December,2023,New (2023-2026),RERA Approved,Unfurnished,Yes,No,No,Yes,2
PROP-00709,Sale,Maharashtra,Pune,Tier 1,18.47215523633666,73.83486160421057,Independent House/Villa,3,2340,17242458.23,7368.57,316,Stale,2022,June,2021,Modern (2016-2022),RERA Approved,Semi-Furnished,Yes,No,No,Yes,2
PROP-00710,Rental,Telangana,Hyderabad,Tier 1,17.36433086107806,78.5330360320446,Apartment,4,2422,50128.07,20.7,313,Stale,2022,January,2002,Vintage (2001-2015),RERA Approved,Semi-Furnished,No,No,No,Yes,1
PROP-00711,Rental,Maharashtra,Mumbai,Tier 1,19.103314187391867,72.82872844959357,Apartment,1,444,19444.58,43.79,267,Stale,2025,June,2005,Vintage (2001-2015),RERA Approved,Unfurnished,Yes,No,No,Yes,2
PROP-00712,Sale,Maharashtra,Mumbai,Tier 1,19.07779605277126,72.89930499732422,Apartment,4,1885,32708786.85,17352.14,101,Moderate,2026,February,2016,Modern (2016-2022),RERA Approved,Fully Furnished,Yes,Yes,No,Yes,3
PROP-00713,Sale,Gujarat,Ahmedabad,Tier 2,23.00730955931683,72.59202461625553,Apartment,2,1133,5180223.46,4572.13,117,Moderate,2025,January,2023,New (2023-2026),RERA Approved,Fully Furnished,Yes,No,No,Yes,2
PROP-00714,Sale,Karnataka,Bengaluru,Tier 1,12.958773929490633,77.60686895409498,Independent House/Villa,4,3066,25305692.33,8253.65,129,Moderate,2024,May,2019,Modern (2016-2022),RERA Approved,Unfurnished,No,No,No,Yes,1
PROP-00715,Sale,Maharashtra,Mumbai,Tier 1,19.026135362571548,72.9267108846087,Apartment,3,1789,38321228.14,21420.47,136,Moderate,2025,August,2020,Modern (2016-2022),RERA Approved,Unfurnished,Yes,No,No,No,1
PROP-00716,Rental,Maharashtra,Chhatrapati Sambhajinagar,Tier 2,19.856180052756525,75.32448794357637,Apartment,2,1016,12547.11,12.35,125,Moderate,2022,June,2020,Modern (2016-2022),RERA Approved,Unfurnished,Yes,No,No,Yes,2
PROP-00717,Rental,Maharashtra,Mumbai,Tier 1,19.090645874163794,72.86169718637933,Apartment,1,442,18523.87,41.91,201,Stale,2025,May,2020,Modern (2016-2022),Awaiting Approval,Semi-Furnished,No,No,No,No,0
PROP-00718,Rental,Telangana,Hyderabad,Tier 1,17.432419444381637,78.44459394029465,Builder Floor,2,1230,22697.1,18.45,298,Stale,2022,February,2022,Modern (2016-2022),RERA Approved,Semi-Furnished,No,No,No,Yes,1
PROP-00719,Sale,Maharashtra,Chhatrapati Sambhajinagar,Tier 2,19.91090608269839,75.33757981365437,Apartment,1,471,1710840.77,3632.36,126,Moderate,2023,November,2022,Modern (2016-2022),Awaiting Approval,Semi-Furnished,Yes,No,No,No,1
PROP-00720,Rental,Delhi,Delhi NCR,Tier 1,28.566259496464554,77.18510485262348,Builder Floor,1,676,18840.64,27.87,286,Stale,2024,May,2004,Vintage (2001-2015),Non-RERA / NA,Unfurnished,Yes,No,No,No,1
PROP-00721,Rental,Maharashtra,Mumbai,Tier 1,19.115856060467486,72.86203867021777,Apartment,1,579,30355.65,52.43,264,Stale,2025,November,2015,Vintage (2001-2015),Awaiting Approval,Fully Furnished,Yes,No,No,Yes,2
PROP-00722,Sale,Maharashtra,Mumbai,Tier 1,19.104319841329865,72.91115717902557,Apartment,2,880,21937294.38,24928.74,43,Fast,2025,September,2023,New (2023-2026),RERA Approved,Semi-Furnished,Yes,Yes,No,No,2
PROP-00723,Sale,Delhi,Delhi NCR,Tier 1,28.6419376123571,77.25254845135275,Apartment,3,1771,21658001.52,12229.25,58,Fast,2022,December,2017,Modern (2016-2022),RERA Approved,Unfurnished,No,No,No,Yes,1
PROP-00724,Rental,Maharashtra,Mumbai,Tier 1,19.071799575900357,72.84627330720052,Apartment,1,510,29752.46,58.34,165,Moderate,2023,March,2021,Modern (2016-2022),Non-RERA / NA,Semi-Furnished,Yes,No,Yes,No,2
PROP-00725,Sale,Telangana,Hyderabad,Tier 1,17.374800529295452,78.47395089315535,Apartment,1,544,3265689.98,6003.11,293,Stale,2024,April,2014,Vintage (2001-2015),RERA Approved,Semi-Furnished,No,No,No,Yes,1
PROP-00726,Rental,Maharashtra,Mumbai,Tier 1,19.05629157288332,72.92056305621155,Apartment,2,885,41116.92,46.46,204,Stale,2023,August,2013,Vintage (2001-2015),RERA Approved,Semi-Furnished,Yes,No,No,Yes,2
PROP-00727,Sale,Karnataka,Bengaluru,Tier 1,12.928169485895436,77.55078084606892,Builder Floor,1,689,5174556.78,7510.24,280,Stale,2026,April,2016,Modern (2016-2022),RERA Approved,Unfurnished,Yes,No,Yes,Yes,3
PROP-00728,Rental,Maharashtra,Chhatrapati Sambhajinagar,Tier 2,19.84902353634937,75.30253605281113,Independent House/Villa,1,974,15881.93,16.31,20,Fast,2022,October,2012,Vintage (2001-2015),RERA Approved,Unfurnished,Yes,No,No,Yes,2
PROP-00729,Sale,Gujarat,Ahmedabad,Tier 2,22.9971603634978,72.53767909892062,Independent House/Villa,1,1358,6612352.33,4869.18,177,Moderate,2022,December,2021,Modern (2016-2022),Non-RERA / NA,Fully Furnished,Yes,No,No,Yes,2
PROP-00730,Sale,Maharashtra,Pune,Tier 1,18.518807706971018,73.86622128341268,Apartment,4,2345,18409122.91,7850.37,252,Stale,2024,July,2022,Modern (2016-2022),RERA Approved,Fully Furnished,Yes,No,No,No,1
PROP-00731,Sale,Delhi,Delhi NCR,Tier 1,28.63864444065967,77.1740472271006,Apartment,3,1550,15237581.97,9830.7,222,Stale,2024,April,2019,Modern (2016-2022),RERA Approved,Semi-Furnished,Yes,Yes,No,Yes,3
PROP-00732,Rental,Maharashtra,Pune,Tier 1,18.517780982839792,73.90350763814507,Apartment,2,939,21136.62,22.51,91,Moderate,2024,June,2022,Modern (2016-2022),RERA Approved,Semi-Furnished,Yes,No,No,Yes,2
PROP-00733,Rental,Karnataka,Bengaluru,Tier 1,12.927384444944716,77.58927145272585,Independent House/Villa,3,2569,86446.41,33.65,86,Moderate,2024,August,2014,Vintage (2001-2015),RERA Approved,Semi-Furnished,Yes,No,No,Yes,2
PROP-00734,Sale,Karnataka,Bengaluru,Tier 1,13.01737898009882,77.59475179603501,Builder Floor,2,1185,12511672.64,10558.37,66,Moderate,2023,October,2021,Modern (2016-2022),RERA Approved,Semi-Furnished,Yes,Yes,No,Yes,3
PROP-00735,Sale,Maharashtra,Mumbai,Tier 1,19.120272431909413,72.85236586158055,Apartment,3,1371,33677722.11,24564.35,291,Stale,2024,October,2023,New (2023-2026),RERA Approved,Semi-Furnished,Yes,Yes,No,Yes,3
PROP-00736,Rental,Rajasthan,Jaipur,Tier 2,26.940918954314842,75.78439602524348,Apartment,3,1612,25320.05,15.71,46,Fast,2023,July,2021,Modern (2016-2022),RERA Approved,Fully Furnished,Yes,No,No,No,1
PROP-00737,Sale,Karnataka,Bengaluru,Tier 1,13.020732790156423,77.6107913632637,Apartment,2,1227,13097957.17,10674.78,16,Fast,2023,May,1983,Mature (Pre-2001),RERA Approved,Semi-Furnished,Yes,No,No,Yes,2
PROP-00738,Rental,Maharashtra,Mumbai,Tier 1,19.080448233280027,72.90281771369541,Apartment,2,851,47530.98,55.85,325,Stale,2022,December,2021,Modern (2016-2022),Awaiting Approval,Semi-Furnished,Yes,No,Yes,Yes,3
PROP-00739,Sale,Delhi,Delhi NCR,Tier 1,28.66017683502532,77.234386808271,Apartment,1,472,6165203.16,13061.87,238,Stale,2023,April,2018,Modern (2016-2022),RERA Approved,Semi-Furnished,Yes,No,No,Yes,2
PROP-00740,Sale,Karnataka,Bengaluru,Tier 1,12.929160504061675,77.6023891112694,Apartment,2,1225,10324786.16,8428.4,333,Stale,2022,September,2020,Modern (2016-2022),RERA Approved,Fully Furnished,Yes,Yes,No,Yes,3
PROP-00741,Sale,Gujarat,Ahmedabad,Tier 2,23.00906807482614,72.61183597749938,Independent House/Villa,3,1928,11885073.64,6164.46,135,Moderate,2022,August,2022,Modern (2016-2022),RERA Approved,Semi-Furnished,Yes,No,No,No,1
PROP-00742,Sale,Telangana,Hyderabad,Tier 1,17.357538126800677,78.51844078473061,Apartment,2,895,7460789.91,8336.08,119,Moderate,2025,January,2020,Modern (2016-2022),RERA Approved,Unfurnished,Yes,Yes,No,Yes,3
PROP-00743,Rental,Telangana,Hyderabad,Tier 1,17.354583308413428,78.51240481146986,Apartment,3,1617,35177.8,21.75,222,Stale,2025,January,2015,Vintage (2001-2015),Awaiting Approval,Semi-Furnished,No,Yes,No,Yes,2
PROP-00744,Sale,Maharashtra,Mumbai,Tier 1,19.04008029488927,72.83326055216806,Builder Floor,4,2628,63342057.46,24102.76,141,Moderate,2025,November,2020,Modern (2016-2022),Awaiting Approval,Semi-Furnished,Yes,No,No,Yes,2
PROP-00745,Sale,Karnataka,Bengaluru,Tier 1,12.9838413641566,77.54528779622197,Apartment,1,520,5795269.83,11144.75,110,Moderate,2024,April,2004,Vintage (2001-2015),RERA Approved,Semi-Furnished,Yes,No,No,Yes,2
PROP-00746,Rental,Karnataka,Bengaluru,Tier 1,12.99973218557473,77.56584472771955,Apartment,3,1871,54876.84,29.33,183,Stale,2025,July,2023,New (2023-2026),RERA Approved,Semi-Furnished,Yes,Yes,No,Yes,3
PROP-00747,Sale,Maharashtra,Mumbai,Tier 1,19.083829839942037,72.89405235939135,Apartment,3,1682,32545063.69,19349.03,20,Fast,2025,December,2025,New (2023-2026),RERA Approved,Fully Furnished,No,Yes,No,Yes,2
PROP-00748,Sale,Delhi,Delhi NCR,Tier 1,28.578596270958823,77.20011974888826,Apartment,4,1759,18004021.75,10235.37,246,Stale,2023,September,2003,Vintage (2001-2015),RERA Approved,Semi-Furnished,Yes,No,No,No,1
PROP-00749,Rental,Telangana,Hyderabad,Tier 1,17.41611237699335,78.47694062592993,Apartment,4,2494,64164.75,25.73,338,Stale,2023,June,2021,Modern (2016-2022),RERA Approved,Fully Furnished,Yes,No,No,Yes,2
PROP-00750,Rental,Maharashtra,Mumbai,Tier 1,19.08959547071637,72.91615868882296,Independent House/Villa,3,2127,118798.57,55.85,230,Stale,2025,June,2020,Modern (2016-2022),Non-RERA / NA,Unfurnished,Yes,Yes,No,Yes,3
PROP-00751,Sale,Maharashtra,Pune,Tier 1,18.509216570612697,73.89625628481319,Apartment,2,964,5993418.94,6217.24,246,Stale,2022,May,2012,Vintage (2001-2015),RERA Approved,Fully Furnished,Yes,No,No,Yes,2
PROP-00752,Rental,Delhi,Delhi NCR,Tier 1,28.631313029553606,77.24991752640535,Apartment,3,1609,51909.7,32.26,145,Moderate,2024,June,2022,Modern (2016-2022),Non-RERA / NA,Semi-Furnished,No,Yes,No,Yes,2
PROP-00753,Rental,Maharashtra,Mumbai,Tier 1,19.051990497924283,72.8590878076515,Independent House/Villa,1,1068,44478.26,41.65,203,Stale,2022,January,2012,Vintage (2001-2015),RERA Approved,Semi-Furnished,Yes,No,No,Yes,2
PROP-00754,Sale,Delhi,Delhi NCR,Tier 1,28.598419220849422,77.22810558127392,Apartment,3,1326,15580453.24,11749.96,116,Moderate,2025,September,2024,New (2023-2026),RERA Approved,Semi-Furnished,Yes,No,No,No,1
PROP-00755,Sale,Maharashtra,Chhatrapati Sambhajinagar,Tier 2,19.9179485843132,75.32046331812744,Builder Floor,4,1871,7576531.75,4049.46,131,Moderate,2024,April,2022,Modern (2016-2022),RERA Approved,Unfurnished,No,No,No,No,0
PROP-00756,Rental,Gujarat,Ahmedabad,Tier 2,23.001550450567144,72.54046098330744,Builder Floor,2,1235,20783.33,16.83,25,Fast,2025,July,2024,New (2023-2026),RERA Approved,Semi-Furnished,Yes,No,No,Yes,2
PROP-00757,Rental,Maharashtra,Chhatrapati Sambhajinagar,Tier 2,19.873198826815795,75.31176324573474,Apartment,2,1184,19440.54,16.42,151,Moderate,2025,August,2015,Vintage (2001-2015),RERA Approved,Semi-Furnished,Yes,No,No,Yes,2
PROP-00758,Sale,Karnataka,Bengaluru,Tier 1,13.010614113739601,77.57881076208636,Independent House/Villa,2,1726,14731739.09,8535.19,93,Moderate,2025,May,2024,New (2023-2026),RERA Approved,Unfurnished,Yes,No,No,Yes,2
PROP-00759,Rental,Maharashtra,Mumbai,Tier 1,19.096772135026754,72.87069576197798,Apartment,2,1249,59552.75,47.68,307,Stale,2024,January,2014,Vintage (2001-2015),RERA Approved,Semi-Furnished,Yes,Yes,Yes,Yes,4
PROP-00760,Rental,Maharashtra,Pune,Tier 1,18.47662032261647,73.8897949171055,Builder Floor,2,1157,27742.8,23.98,207,Stale,2024,June,2004,Vintage (2001-2015),RERA Approved,Semi-Furnished,Yes,Yes,No,No,2
PROP-00761,Sale,Karnataka,Bengaluru,Tier 1,12.936330304427898,77.55658910934727,Apartment,3,1443,10984821.17,7612.49,89,Moderate,2023,April,2018,Modern (2016-2022),RERA Approved,Unfurnished,Yes,No,No,No,1
PROP-00762,Sale,Gujarat,Ahmedabad,Tier 2,22.973284159077192,72.59489258473948,Builder Floor,4,2010,9465291.93,4709.1,171,Moderate,2023,December,2018,Modern (2016-2022),RERA Approved,Unfurnished,Yes,Yes,No,No,2
PROP-00763,Sale,Maharashtra,Mumbai,Tier 1,19.089092179022916,72.88084549141894,Independent House/Villa,4,2380,69454822.8,29182.7,76,Moderate,2023,December,2018,Modern (2016-2022),RERA Approved,Semi-Furnished,No,No,No,Yes,1
PROP-00764,Rental,Karnataka,Bengaluru,Tier 1,12.966367342541043,77.57339453426759,Apartment,1,482,14789.84,30.68,302,Stale,2023,December,2021,Modern (2016-2022),RERA Approved,Semi-Furnished,No,No,No,Yes,1
PROP-00765,Sale,Maharashtra,Mumbai,Tier 1,19.03942748509023,72.87698195845329,Apartment,3,1750,40686311.73,23249.32,13,Fast,2025,December,2020,Modern (2016-2022),RERA Approved,Fully Furnished,Yes,No,No,No,1
PROP-00766,Sale,Delhi,Delhi NCR,Tier 1,28.65969341210568,77.18899420697771,Builder Floor,3,2060,25818082.77,12533.05,285,Stale,2025,May,2020,Modern (2016-2022),RERA Approved,Fully Furnished,Yes,No,No,No,1
PROP-00767,Rental,Telangana,Hyderabad,Tier 1,17.387965972394564,78.49630819552382,Builder Floor,2,1488,30528.68,20.52,262,Stale,2022,March,1982,Mature (Pre-2001),RERA Approved,Semi-Furnished,No,No,Yes,No,1
PROP-00768,Rental,Karnataka,Bengaluru,Tier 1,12.945789329411289,77.58798439228552,Apartment,1,471,12320.62,26.16,279,Stale,2023,April,2003,Vintage (2001-2015),RERA Approved,Semi-Furnished,Yes,No,No,Yes,2
PROP-00769,Sale,Delhi,Delhi NCR,Tier 1,28.61396035711547,77.17544055290789,Independent House/Villa,2,1924,23332003.99,12126.82,242,Stale,2024,June,2004,Vintage (2001-2015),Awaiting Approval,Semi-Furnished,Yes,Yes,Yes,Yes,4
PROP-00770,Rental,Karnataka,Bengaluru,Tier 1,12.989562033273511,77.55625830745556,Apartment,4,1962,62617.75,31.92,24,Fast,2024,June,2004,Vintage (2001-2015),RERA Approved,Semi-Furnished,Yes,No,No,Yes,2
PROP-00771,Sale,Karnataka,Bengaluru,Tier 1,12.929223921797357,77.59926956820722,Apartment,2,895,9140091.15,10212.39,237,Stale,2026,April,2021,Modern (2016-2022),RERA Approved,Unfurnished,Yes,Yes,No,Yes,3
PROP-00772,Rental,Gujarat,Ahmedabad,Tier 2,22.99997038150479,72.61164130332861,Apartment,3,1797,28513.14,15.87,225,Stale,2022,January,2017,Modern (2016-2022),Awaiting Approval,Semi-Furnished,Yes,Yes,No,Yes,3
PROP-00773,Sale,Rajasthan,Jaipur,Tier 2,26.943096549088402,75.77169576865577,Apartment,2,1104,4365202.37,3953.99,330,Stale,2025,April,2005,Vintage (2001-2015),RERA Approved,Semi-Furnished,No,No,No,No,0
PROP-00774,Sale,Maharashtra,Chhatrapati Sambhajinagar,Tier 2,19.872166487040268,75.36660001072227,Independent House/Villa,3,1923,11434125.85,5945.98,21,Fast,2026,March,2024,New (2023-2026),RERA Approved,Unfurnished,Yes,Yes,No,Yes,3
PROP-00775,Rental,Gujarat,Ahmedabad,Tier 2,23.02715771420323,72.58726613549398,Apartment,1,510,8768.1,17.19,93,Moderate,2022,July,1982,Mature (Pre-2001),Awaiting Approval,Semi-Furnished,No,Yes,No,Yes,2
PROP-00776,Sale,Delhi,Delhi NCR,Tier 1,28.607181600220947,77.25215549143095,Independent House/Villa,2,1543,23639697.99,15320.61,200,Stale,2024,January,2022,Modern (2016-2022),RERA Approved,Fully Furnished,Yes,Yes,No,No,2
PROP-00777,Sale,Telangana,Hyderabad,Tier 1,17.3393899942643,78.51879810172991,Apartment,2,1144,7952844.47,6951.79,354,Stale,2025,October,2020,Modern (2016-2022),Awaiting Approval,Semi-Furnished,No,No,Yes,Yes,2
PROP-00778,Rental,Karnataka,Bengaluru,Tier 1,12.938174977982015,77.60126052589055,Apartment,1,515,16247.55,31.55,88,Moderate,2025,October,2015,Vintage (2001-2015),RERA Approved,Semi-Furnished,Yes,No,No,No,1
PROP-00779,Rental,Delhi,Delhi NCR,Tier 1,28.60845416387419,77.22470304982342,Apartment,3,1868,60135.62,32.19,91,Moderate,2026,January,1986,Mature (Pre-2001),RERA Approved,Fully Furnished,Yes,Yes,No,Yes,3
PROP-00780,Rental,Gujarat,Ahmedabad,Tier 2,22.993418546540795,72.6112386466584,Apartment,2,871,16806.49,19.3,311,Stale,2026,March,2025,New (2023-2026),Non-RERA / NA,Semi-Furnished,Yes,No,Yes,Yes,3
PROP-00781,Rental,Maharashtra,Mumbai,Tier 1,19.03099790286597,72.8676518784587,Apartment,3,1488,88378.49,59.39,342,Stale,2022,November,2012,Vintage (2001-2015),RERA Approved,Unfurnished,Yes,Yes,No,No,2
PROP-00782,Sale,Rajasthan,Jaipur,Tier 2,26.946764966405183,75.76997947058578,Apartment,2,1042,5434819.28,5215.76,158,Moderate,2022,August,2017,Modern (2016-2022),RERA Approved,Semi-Furnished,Yes,No,No,No,1
PROP-00783,Sale,Karnataka,Bengaluru,Tier 1,13.019719252916412,77.54568110836352,Apartment,2,1051,7523096.24,7158.04,232,Stale,2024,November,2022,Modern (2016-2022),RERA Approved,Semi-Furnished,Yes,No,No,Yes,2
PROP-00784,Sale,Maharashtra,Pune,Tier 1,18.549714287399674,73.88935510741915,Apartment,1,488,3207508.65,6572.76,268,Stale,2022,September,2012,Vintage (2001-2015),RERA Approved,Semi-Furnished,Yes,No,No,No,1
PROP-00785,Sale,Telangana,Hyderabad,Tier 1,17.420378492170467,78.51679807004034,Apartment,1,570,4155264.68,7289.94,227,Stale,2023,December,2018,Modern (2016-2022),RERA Approved,Unfurnished,Yes,No,No,Yes,2
PROP-00786,Rental,Rajasthan,Jaipur,Tier 2,26.886597713031705,75.74774545181002,Apartment,4,2399,37093.43,15.46,125,Moderate,2024,February,2019,Modern (2016-2022),RERA Approved,Semi-Furnished,Yes,No,No,Yes,2
PROP-00787,Sale,Maharashtra,Pune,Tier 1,18.56646269755132,73.86438573811327,Builder Floor,2,1470,13374089.63,9098.02,177,Moderate,2025,January,2023,New (2023-2026),RERA Approved,Fully Furnished,Yes,Yes,Yes,Yes,4
PROP-00788,Sale,Maharashtra,Pune,Tier 1,18.49009257044534,73.85309816981669,Builder Floor,3,1992,19161048.42,9619.0,8,Fast,2023,February,2018,Modern (2016-2022),RERA Approved,Semi-Furnished,Yes,No,No,Yes,2
PROP-00789,Sale,Maharashtra,Mumbai,Tier 1,19.121142981036183,72.83957090955091,Apartment,4,2380,38146897.27,16028.11,346,Stale,2025,June,2020,Modern (2016-2022),RERA Approved,Fully Furnished,No,Yes,No,No,1
PROP-00790,Rental,Karnataka,Bengaluru,Tier 1,13.021081929396596,77.64265682270607,Apartment,2,1070,28675.28,26.8,132,Moderate,2024,November,2022,Modern (2016-2022),RERA Approved,Semi-Furnished,Yes,No,No,No,1
PROP-00791,Sale,Maharashtra,Mumbai,Tier 1,19.097172280574604,72.84916958874634,Apartment,2,1180,19035405.22,16131.7,114,Moderate,2023,February,2022,Modern (2016-2022),RERA Approved,Fully Furnished,No,No,No,No,0
PROP-00792,Sale,Telangana,Hyderabad,Tier 1,17.433114373179183,78.44342341800906,Builder Floor,3,1651,13918068.16,8430.08,359,Stale,2023,December,1983,Mature (Pre-2001),Non-RERA / NA,Unfurnished,Yes,No,No,No,1
PROP-00793,Sale,Karnataka,Bengaluru,Tier 1,12.978553977956711,77.60408473795019,Apartment,4,2018,23185446.21,11489.32,41,Fast,2022,October,2017,Modern (2016-2022),RERA Approved,Semi-Furnished,Yes,Yes,No,Yes,3
PROP-00794,Rental,Telangana,Hyderabad,Tier 1,17.36095417831761,78.5105866677133,Apartment,4,1953,43934.65,22.5,75,Moderate,2025,February,2015,Vintage (2001-2015),RERA Approved,Unfurnished,Yes,Yes,No,No,2
PROP-00795,Sale,Maharashtra,Mumbai,Tier 1,19.069699588566564,72.83094434460472,Apartment,2,1036,16523719.7,15949.54,293,Stale,2023,December,2021,Modern (2016-2022),Awaiting Approval,Semi-Furnished,Yes,No,No,No,1
PROP-00796,Rental,Maharashtra,Mumbai,Tier 1,19.08535609353788,72.8935717638727,Apartment,3,1446,78779.12,54.48,35,Fast,2025,November,2023,New (2023-2026),Awaiting Approval,Semi-Furnished,Yes,No,No,No,1
PROP-00797,Rental,Telangana,Hyderabad,Tier 1,17.3423081562027,78.48992918759514,Apartment,1,617,14487.29,23.48,272,Stale,2024,January,2022,Modern (2016-2022),RERA Approved,Semi-Furnished,Yes,No,No,No,1
PROP-00798,Sale,Maharashtra,Mumbai,Tier 1,19.088234326461723,72.83802650088751,Independent House/Villa,4,2535,57796176.12,22799.28,15,Fast,2022,September,2020,Modern (2016-2022),Awaiting Approval,Fully Furnished,Yes,No,Yes,No,2
PROP-00799,Rental,Maharashtra,Mumbai,Tier 1,19.12411778367623,72.84495238769465,Apartment,4,1778,104121.82,58.56,348,Stale,2022,October,2017,Modern (2016-2022),RERA Approved,Fully Furnished,Yes,No,No,Yes,2
PROP-00800,Rental,Maharashtra,Mumbai,Tier 1,19.04501076497837,72.88449742973161,Apartment,1,530,30765.21,58.05,332,Stale,2025,September,2020,Modern (2016-2022),Awaiting Approval,Unfurnished,Yes,No,No,No,1
PROP-00801,Rental,Maharashtra,Chhatrapati Sambhajinagar,Tier 2,19.905459511628838,75.32293576135133,Apartment,2,872,13138.34,15.07,36,Fast,2023,July,2018,Modern (2016-2022),RERA Approved,Semi-Furnished,Yes,Yes,No,No,2
PROP-00802,Sale,Telangana,Hyderabad,Tier 1,17.425789879377962,78.53053157286513,Apartment,1,447,3397962.12,7601.7,61,Moderate,2023,May,2022,Modern (2016-2022),RERA Approved,Semi-Furnished,Yes,Yes,No,No,2
PROP-00803,Sale,Delhi,Delhi NCR,Tier 1,28.658270159282022,77.2408740229484,Builder Floor,2,1125,10951024.82,9734.24,170,Moderate,2023,June,2018,Modern (2016-2022),RERA Approved,Semi-Furnished,Yes,No,No,Yes,2
PROP-00804,Rental,Delhi,Delhi NCR,Tier 1,28.659913560440547,77.25735672065137,Apartment,3,1553,52783.43,33.99,192,Stale,2024,February,2023,New (2023-2026),Awaiting Approval,Fully Furnished,Yes,Yes,No,Yes,3
PROP-00805,Sale,Delhi,Delhi NCR,Tier 1,28.61604596387215,77.18496708389505,Independent House/Villa,2,1637,20554234.41,12556.04,346,Stale,2022,December,2021,Modern (2016-2022),RERA Approved,Semi-Furnished,Yes,Yes,No,No,2
PROP-00806,Rental,Gujarat,Ahmedabad,Tier 2,23.07023079079915,72.61837236327979,Apartment,1,584,9525.46,16.31,23,Fast,2023,July,2003,Vintage (2001-2015),RERA Approved,Fully Furnished,Yes,Yes,No,Yes,3
PROP-00807,Rental,Telangana,Hyderabad,Tier 1,17.410731020713445,78.47982338697915,Apartment,2,1145,21686.85,18.94,120,Moderate,2022,September,2017,Modern (2016-2022),RERA Approved,Unfurnished,Yes,Yes,No,No,2
PROP-00808,Rental,Maharashtra,Mumbai,Tier 1,19.042167143623697,72.86245187953138,Builder Floor,4,2245,103769.83,46.22,188,Stale,2026,February,2021,Modern (2016-2022),Non-RERA / NA,Semi-Furnished,Yes,No,No,Yes,2
PROP-00809,Sale,Maharashtra,Mumbai,Tier 1,19.073690010646796,72.83273495269694,Apartment,2,983,18450519.3,18769.6,274,Stale,2024,January,2022,Modern (2016-2022),Awaiting Approval,Semi-Furnished,Yes,Yes,Yes,Yes,4
PROP-00810,Sale,Maharashtra,Mumbai,Tier 1,19.0978331175372,72.83297652578597,Builder Floor,2,1171,25283978.13,21591.78,37,Fast,2023,June,2003,Vintage (2001-2015),RERA Approved,Unfurnished,Yes,No,Yes,Yes,3
PROP-00811,Rental,Telangana,Hyderabad,Tier 1,17.359734031581908,78.50590112559466,Apartment,1,579,14145.53,24.43,14,Fast,2025,June,2020,Modern (2016-2022),RERA Approved,Semi-Furnished,Yes,No,Yes,Yes,3
PROP-00812,Rental,Telangana,Hyderabad,Tier 1,17.39906151835489,78.4824928994434,Builder Floor,4,1915,45228.58,23.62,84,Moderate,2022,February,2012,Vintage (2001-2015),RERA Approved,Fully Furnished,Yes,No,No,Yes,2
PROP-00813,Sale,Delhi,Delhi NCR,Tier 1,28.630560047904662,77.18165216260361,Apartment,3,1282,14044152.72,10954.88,196,Stale,2025,June,2023,New (2023-2026),RERA Approved,Semi-Furnished,Yes,Yes,Yes,Yes,4
PROP-00814,Rental,Maharashtra,Mumbai,Tier 1,19.042269974380858,72.88909703063253,Apartment,2,1168,57814.49,49.5,324,Stale,2022,March,1982,Mature (Pre-2001),Non-RERA / NA,Semi-Furnished,Yes,No,No,Yes,2
PROP-00815,Rental,Maharashtra,Mumbai,Tier 1,19.082508531245278,72.85298581182502,Independent House/Villa,1,1144,68249.03,59.66,194,Stale,2024,February,2014,Vintage (2001-2015),RERA Approved,Semi-Furnished,Yes,Yes,No,Yes,3
PROP-00816,Sale,Maharashtra,Chhatrapati Sambhajinagar,Tier 2,19.90336269109786,75.35106317543445,Builder Floor,1,631,2861264.75,4534.49,72,Moderate,2023,January,2003,Vintage (2001-2015),RERA Approved,Unfurnished,No,No,No,Yes,1
PROP-00817,Sale,Delhi,Delhi NCR,Tier 1,28.613789566453594,77.19492087469827,Builder Floor,1,660,9086189.72,13766.95,352,Stale,2025,April,2024,New (2023-2026),RERA Approved,Unfurnished,Yes,Yes,No,Yes,3
PROP-00818,Sale,Telangana,Hyderabad,Tier 1,17.33621031167761,78.51905522266118,Independent House/Villa,2,1956,16803737.36,8590.87,129,Moderate,2023,December,2021,Modern (2016-2022),RERA Approved,Semi-Furnished,Yes,No,No,Yes,2
PROP-00819,Sale,Maharashtra,Pune,Tier 1,18.47130384690793,73.88876961607669,Builder Floor,4,2626,21502934.4,8188.47,340,Stale,2024,May,2022,Modern (2016-2022),RERA Approved,Unfurnished,Yes,No,No,No,1
PROP-00820,Sale,Karnataka,Bengaluru,Tier 1,12.957302934397001,77.59233503981224,Apartment,2,1133,8077800.72,7129.57,63,Moderate,2022,May,2020,Modern (2016-2022),RERA Approved,Fully Furnished,Yes,No,No,Yes,2
PROP-00821,Rental,Delhi,Delhi NCR,Tier 1,28.65651940684318,77.1940819109335,Apartment,3,1564,52561.03,33.61,101,Moderate,2023,August,2003,Vintage (2001-2015),RERA Approved,Semi-Furnished,No,No,Yes,Yes,2
PROP-00822,Sale,Maharashtra,Mumbai,Tier 1,19.048867677960363,72.86395597965591,Apartment,2,1058,24276181.41,22945.35,279,Stale,2022,May,2022,Modern (2016-2022),RERA Approved,Fully Furnished,Yes,No,No,No,1
PROP-00823,Sale,Maharashtra,Pune,Tier 1,18.53383636888717,73.88727145256682,Apartment,3,1860,17213456.55,9254.55,153,Moderate,2024,February,2024,New (2023-2026),RERA Approved,Semi-Furnished,No,No,No,Yes,1
PROP-00824,Sale,Gujarat,Ahmedabad,Tier 2,22.994707587069332,72.55421794827976,Apartment,3,1854,11701500.77,6311.49,282,Stale,2023,August,2021,Modern (2016-2022),RERA Approved,Fully Furnished,Yes,Yes,No,No,2
PROP-00825,Sale,Maharashtra,Pune,Tier 1,18.502566998965953,73.82760593737069,Apartment,1,468,3206328.97,6851.13,269,Stale,2022,September,2021,Modern (2016-2022),RERA Approved,Semi-Furnished,Yes,No,No,No,1
PROP-00826,Rental,Maharashtra,Pune,Tier 1,18.55520420896015,73.81516883418753,Apartment,2,1174,30129.91,25.66,13,Fast,2024,February,2023,New (2023-2026),Awaiting Approval,Semi-Furnished,Yes,No,No,Yes,2
PROP-00827,Sale,Maharashtra,Mumbai,Tier 1,19.098886144226995,72.87436931208845,Independent House/Villa,2,1486,35544487.83,23919.57,287,Stale,2024,May,2014,Vintage (2001-2015),RERA Approved,Fully Furnished,Yes,No,No,Yes,2
PROP-00828,Sale,Maharashtra,Chhatrapati Sambhajinagar,Tier 2,19.83573992773132,75.34151320989199,Apartment,1,467,2376702.5,5089.3,277,Stale,2024,March,2019,Modern (2016-2022),RERA Approved,Semi-Furnished,Yes,No,Yes,Yes,3
PROP-00829,Rental,Gujarat,Ahmedabad,Tier 2,23.015370202098644,72.60549087104029,Apartment,2,1120,16565.13,14.79,305,Stale,2025,August,2025,New (2023-2026),RERA Approved,Unfurnished,Yes,No,No,Yes,2
PROP-00830,Sale,Delhi,Delhi NCR,Tier 1,28.566816976364528,77.18112386964461,Apartment,2,1012,13695784.75,13533.38,12,Fast,2022,February,2020,Modern (2016-2022),RERA Approved,Semi-Furnished,Yes,Yes,Yes,Yes,4
PROP-00831,Sale,Maharashtra,Chhatrapati Sambhajinagar,Tier 2,19.874289014660302,75.33139912736684,Independent House/Villa,4,3178,21705876.13,6830.04,212,Stale,2024,October,2022,Modern (2016-2022),RERA Approved,Fully Furnished,No,Yes,No,Yes,2
PROP-00832,Sale,Maharashtra,Pune,Tier 1,18.536643401170107,73.88754057388937,Independent House/Villa,2,1416,13164927.67,9297.27,129,Moderate,2024,December,2023,New (2023-2026),RERA Approved,Semi-Furnished,Yes,Yes,No,No,2
PROP-00833,Sale,Maharashtra,Pune,Tier 1,18.482250262359813,73.8890623610749,Apartment,3,1581,11654001.68,7371.29,127,Moderate,2026,January,2021,Modern (2016-2022),RERA Approved,Semi-Furnished,Yes,Yes,No,Yes,3
PROP-00834,Sale,Telangana,Hyderabad,Tier 1,17.36388849389092,78.47516110759787,Apartment,2,1217,7436265.93,6110.33,37,Fast,2023,January,2013,Vintage (2001-2015),RERA Approved,Semi-Furnished,Yes,No,No,Yes,2
PROP-00835,Sale,Gujarat,Ahmedabad,Tier 2,23.012283662550217,72.56731240232867,Apartment,3,1817,9710065.61,5344.01,5,Fast,2025,January,2015,Vintage (2001-2015),RERA Approved,Fully Furnished,Yes,No,No,No,1
PROP-00836,Sale,Telangana,Hyderabad,Tier 1,17.426953102465607,78.46702858908493,Apartment,2,912,6347997.79,6960.52,208,Stale,2024,February,2014,Vintage (2001-2015),Awaiting Approval,Unfurnished,Yes,Yes,No,Yes,3
PROP-00837,Rental,Maharashtra,Mumbai,Tier 1,19.125325501542296,72.92095548784194,Apartment,3,1494,88133.2,58.99,10,Fast,2025,June,2025,New (2023-2026),Awaiting Approval,Semi-Furnished,Yes,No,No,Yes,2
PROP-00838,Sale,Delhi,Delhi NCR,Tier 1,28.568391129899563,77.17086437657416,Apartment,2,1097,12780372.51,11650.29,301,Stale,2023,August,1983,Mature (Pre-2001),RERA Approved,Unfurnished,Yes,No,No,Yes,2
PROP-00839,Sale,Rajasthan,Jaipur,Tier 2,26.93850079234954,75.83067494230015,Apartment,2,913,4428671.12,4850.68,9,Fast,2025,April,2015,Vintage (2001-2015),RERA Approved,Semi-Furnished,Yes,No,No,Yes,2
PROP-00840,Rental,Delhi,Delhi NCR,Tier 1,28.601072406640235,77.22738664518354,Apartment,2,1237,38678.41,31.27,84,Moderate,2025,September,2005,Vintage (2001-2015),RERA Approved,Semi-Furnished,Yes,No,No,No,1
PROP-00841,Sale,Delhi,Delhi NCR,Tier 1,28.60314581862295,77.21215721526868,Builder Floor,2,1459,12774318.45,8755.53,278,Stale,2024,June,2024,New (2023-2026),RERA Approved,Unfurnished,Yes,No,Yes,Yes,3
PROP-00842,Rental,Karnataka,Bengaluru,Tier 1,12.997026497334703,77.54786590607844,Builder Floor,1,641,21162.46,33.01,181,Stale,2025,September,2005,Vintage (2001-2015),RERA Approved,Unfurnished,No,Yes,No,Yes,2
PROP-00843,Sale,Karnataka,Bengaluru,Tier 1,13.01344264321454,77.5921596191822,Apartment,1,449,4321485.8,9624.69,342,Stale,2023,July,2013,Vintage (2001-2015),Awaiting Approval,Semi-Furnished,Yes,No,No,Yes,2
PROP-00844,Rental,Maharashtra,Pune,Tier 1,18.565492859450252,73.84747481050027,Apartment,1,442,13587.73,30.74,325,Stale,2023,February,2013,Vintage (2001-2015),RERA Approved,Unfurnished,Yes,No,Yes,Yes,3
PROP-00845,Sale,Maharashtra,Chhatrapati Sambhajinagar,Tier 2,19.883912258603832,75.30942188119751,Apartment,3,1820,9149253.32,5027.06,343,Stale,2024,June,2024,New (2023-2026),Non-RERA / NA,Unfurnished,Yes,No,Yes,Yes,3
PROP-00846,Sale,Delhi,Delhi NCR,Tier 1,28.59961211593005,77.22464096035007,Apartment,2,927,10171995.78,10973.03,140,Moderate,2025,August,2015,Vintage (2001-2015),RERA Approved,Fully Furnished,No,No,No,No,0
PROP-00847,Sale,Maharashtra,Mumbai,Tier 1,19.10475490858588,72.92481509073683,Builder Floor,2,1219,18897086.06,15502.12,29,Fast,2022,October,1982,Mature (Pre-2001),Awaiting Approval,Semi-Furnished,Yes,No,No,No,1
PROP-00848,Rental,Maharashtra,Mumbai,Tier 1,19.05110013832623,72.88391888110645,Apartment,3,1544,82744.43,53.59,329,Stale,2023,April,2018,Modern (2016-2022),RERA Approved,Semi-Furnished,Yes,No,No,Yes,2
PROP-00849,Sale,Rajasthan,Jaipur,Tier 2,26.918807402883353,75.8087753276444,Independent House/Villa,2,1743,11078818.53,6356.18,187,Stale,2026,January,2021,Modern (2016-2022),RERA Approved,Fully Furnished,Yes,Yes,No,Yes,3
PROP-00850,Sale,Maharashtra,Pune,Tier 1,18.506257846152486,73.8135450452566,Apartment,2,878,7893908.38,8990.78,172,Moderate,2024,March,2004,Vintage (2001-2015),RERA Approved,Unfurnished,Yes,Yes,No,No,2
PROP-00851,Sale,Delhi,Delhi NCR,Tier 1,28.62956310737079,77.2007666995817,Builder Floor,1,658,8000406.69,12158.67,342,Stale,2025,December,2023,New (2023-2026),RERA Approved,Semi-Furnished,Yes,No,No,Yes,2
PROP-00852,Rental,Gujarat,Ahmedabad,Tier 2,22.996539891289352,72.53303584851645,Apartment,4,2445,37252.78,15.24,182,Stale,2026,March,2021,Modern (2016-2022),RERA Approved,Semi-Furnished,Yes,No,No,Yes,2
PROP-00853,Sale,Rajasthan,Jaipur,Tier 2,26.881559294573485,75.79857958355365,Independent House/Villa,3,2548,17009002.91,6675.43,99,Moderate,2024,June,2019,Modern (2016-2022),RERA Approved,Semi-Furnished,Yes,No,No,Yes,2
PROP-00854,Rental,Gujarat,Ahmedabad,Tier 2,23.064323908667543,72.61524821582141,Apartment,3,1743,35241.33,20.22,37,Fast,2022,September,2002,Vintage (2001-2015),RERA Approved,Fully Furnished,Yes,No,No,Yes,2
PROP-00855,Sale,Rajasthan,Jaipur,Tier 2,26.872580368294955,75.80347777324717,Apartment,2,857,3101729.04,3619.29,115,Moderate,2025,December,2025,New (2023-2026),RERA Approved,Fully Furnished,Yes,No,No,Yes,2
PROP-00856,Sale,Delhi,Delhi NCR,Tier 1,28.614495790773493,77.16668030483144,Apartment,3,1471,17722785.27,12048.12,150,Moderate,2024,August,2019,Modern (2016-2022),Awaiting Approval,Semi-Furnished,No,No,No,No,0
PROP-00857,Sale,Telangana,Hyderabad,Tier 1,17.357085278296303,78.47216662049851,Apartment,1,550,3512486.05,6386.34,235,Stale,2025,March,2020,Modern (2016-2022),RERA Approved,Unfurnished,Yes,No,No,No,1
PROP-00858,Sale,Karnataka,Bengaluru,Tier 1,12.925492996332567,77.59966633794409,Builder Floor,1,672,6892027.09,10255.99,276,Stale,2024,March,2014,Vintage (2001-2015),RERA Approved,Unfurnished,Yes,Yes,No,Yes,3
PROP-00859,Sale,Gujarat,Ahmedabad,Tier 2,22.976101881829145,72.56172077561332,Builder Floor,1,849,4146549.55,4884.04,340,Stale,2025,December,2020,Modern (2016-2022),RERA Approved,Semi-Furnished,Yes,No,Yes,Yes,3
PROP-00860,Sale,Telangana,Hyderabad,Tier 1,17.352522177210584,78.52006440104752,Builder Floor,2,1324,11932970.6,9012.82,42,Fast,2022,September,2002,Vintage (2001-2015),Non-RERA / NA,Unfurnished,Yes,No,Yes,No,2
PROP-00861,Rental,Gujarat,Ahmedabad,Tier 2,23.059177035450602,72.602867100471,Apartment,2,878,13136.73,14.96,139,Moderate,2023,June,2003,Vintage (2001-2015),RERA Approved,Semi-Furnished,Yes,Yes,No,Yes,3
PROP-00862,Sale,Telangana,Hyderabad,Tier 1,17.363247874397704,78.49788310201032,Independent House/Villa,2,1941,16514922.97,8508.46,338,Stale,2025,February,2025,New (2023-2026),RERA Approved,Semi-Furnished,No,Yes,No,No,1
PROP-00863,Sale,Maharashtra,Mumbai,Tier 1,19.12104591705753,72.86504579451328,Apartment,1,616,11693236.84,18982.53,239,Stale,2025,October,2023,New (2023-2026),RERA Approved,Unfurnished,No,No,No,Yes,1
PROP-00864,Sale,Maharashtra,Pune,Tier 1,18.528562229298917,73.83223363737633,Apartment,2,881,6651560.51,7550.01,323,Stale,2023,July,2023,New (2023-2026),Non-RERA / NA,Fully Furnished,Yes,Yes,No,Yes,3
PROP-00865,Sale,Maharashtra,Chhatrapati Sambhajinagar,Tier 2,19.86986141897688,75.30388743182131,Apartment,3,1594,8418704.54,5281.5,349,Stale,2023,September,2021,Modern (2016-2022),Awaiting Approval,Unfurnished,Yes,No,Yes,Yes,3
PROP-00866,Sale,Maharashtra,Chhatrapati Sambhajinagar,Tier 2,19.884208883466947,75.32878976834866,Apartment,2,971,3812179.43,3926.03,164,Moderate,2022,June,2017,Modern (2016-2022),RERA Approved,Semi-Furnished,Yes,No,Yes,No,2
PROP-00867,Sale,Maharashtra,Mumbai,Tier 1,19.077669838522628,72.86901725172078,Apartment,3,1510,34002117.64,22517.96,42,Fast,2026,May,2006,Vintage (2001-2015),RERA Approved,Semi-Furnished,Yes,No,No,Yes,2
PROP-00868,Sale,Maharashtra,Mumbai,Tier 1,19.10187762537573,72.89528229251042,Apartment,2,921,23101770.36,25083.36,154,Moderate,2026,May,2016,Modern (2016-2022),RERA Approved,Semi-Furnished,Yes,No,No,Yes,2
PROP-00869,Rental,Maharashtra,Mumbai,Tier 1,19.054249606597285,72.89351598242976,Apartment,3,1621,92316.96,56.95,312,Stale,2023,October,2022,Modern (2016-2022),RERA Approved,Semi-Furnished,Yes,No,No,Yes,2
PROP-00870,Rental,Telangana,Hyderabad,Tier 1,17.370305039160034,78.44371081396413,Independent House/Villa,2,1973,49000.12,24.84,33,Fast,2022,June,2022,Modern (2016-2022),RERA Approved,Unfurnished,Yes,No,No,No,1
PROP-00871,Sale,Gujarat,Ahmedabad,Tier 2,23.061909430253326,72.56092593154311,Apartment,2,1051,4819413.03,4585.55,148,Moderate,2023,September,2018,Modern (2016-2022),RERA Approved,Semi-Furnished,Yes,No,No,No,1
PROP-00872,Sale,Delhi,Delhi NCR,Tier 1,28.65854565131504,77.17717788672174,Apartment,2,883,8396393.88,9508.94,80,Moderate,2022,July,2017,Modern (2016-2022),Non-RERA / NA,Semi-Furnished,Yes,No,No,No,1
PROP-00873,Rental,Karnataka,Bengaluru,Tier 1,13.010855822748647,77.56028127053168,Apartment,2,1098,30170.08,27.48,149,Moderate,2023,March,2021,Modern (2016-2022),RERA Approved,Fully Furnished,Yes,No,No,No,1
PROP-00874,Sale,Gujarat,Ahmedabad,Tier 2,23.014444799395733,72.60413021497372,Apartment,3,1479,5914692.08,3999.12,233,Stale,2023,August,2003,Vintage (2001-2015),RERA Approved,Semi-Furnished,Yes,No,No,Yes,2
PROP-00875,Sale,Telangana,Hyderabad,Tier 1,17.41303655030069,78.44089152167163,Apartment,2,1192,11044003.5,9265.1,68,Moderate,2022,June,2002,Vintage (2001-2015),RERA Approved,Semi-Furnished,Yes,Yes,No,Yes,3
PROP-00876,Sale,Maharashtra,Pune,Tier 1,18.518033573330108,73.84861828759021,Apartment,2,1023,6743112.64,6591.51,351,Stale,2023,April,2021,Modern (2016-2022),RERA Approved,Semi-Furnished,Yes,No,No,Yes,2
PROP-00877,Rental,Maharashtra,Pune,Tier 1,18.52015398521461,73.82352036557666,Apartment,3,1390,41483.29,29.84,349,Stale,2024,July,2004,Vintage (2001-2015),Awaiting Approval,Fully Furnished,Yes,No,Yes,Yes,3
PROP-00878,Rental,Karnataka,Bengaluru,Tier 1,12.942068010905729,77.63253302156785,Independent House/Villa,3,1945,48111.76,24.74,273,Stale,2025,October,2023,New (2023-2026),RERA Approved,Unfurnished,Yes,Yes,Yes,No,3
PROP-00879,Sale,Delhi,Delhi NCR,Tier 1,28.623013030325854,77.2147040513275,Apartment,2,1157,14379272.22,12428.07,332,Stale,2025,August,2015,Vintage (2001-2015),RERA Approved,Semi-Furnished,Yes,No,Yes,No,2
PROP-00880,Sale,Maharashtra,Pune,Tier 1,18.489013589775332,73.8298380636377,Independent House/Villa,2,1529,13050873.42,8535.56,188,Stale,2025,June,2020,Modern (2016-2022),RERA Approved,Semi-Furnished,Yes,Yes,Yes,Yes,4
PROP-00881,Sale,Telangana,Hyderabad,Tier 1,17.368156469906722,78.48694272871664,Apartment,2,1156,6154460.47,5323.93,265,Stale,2025,September,2024,New (2023-2026),RERA Approved,Semi-Furnished,No,No,No,No,0
PROP-00882,Rental,Rajasthan,Jaipur,Tier 2,26.947903020161995,75.81044863597032,Apartment,2,932,15439.8,16.57,272,Stale,2025,April,2005,Vintage (2001-2015),Awaiting Approval,Unfurnished,Yes,No,No,No,1
PROP-00883,Sale,Maharashtra,Pune,Tier 1,18.491107580921085,73.90251180089194,Independent House/Villa,2,1565,13842061.88,8844.77,173,Moderate,2025,September,2020,Modern (2016-2022),RERA Approved,Semi-Furnished,Yes,Yes,No,Yes,3
PROP-00884,Sale,Telangana,Hyderabad,Tier 1,17.342115828517343,78.45874460042454,Apartment,4,2072,16832682.46,8123.88,263,Stale,2024,November,2014,Vintage (2001-2015),Awaiting Approval,Unfurnished,Yes,No,No,Yes,2
PROP-00885,Rental,Maharashtra,Mumbai,Tier 1,19.03290075926128,72.91631817721294,Apartment,2,1227,61560.06,50.17,231,Stale,2023,December,2021,Modern (2016-2022),RERA Approved,Semi-Furnished,No,No,No,Yes,1
PROP-00886,Sale,Karnataka,Bengaluru,Tier 1,13.015678452050311,77.63803041141675,Builder Floor,2,1467,11230555.58,7655.46,37,Fast,2025,January,2025,New (2023-2026),Awaiting Approval,Semi-Furnished,Yes,Yes,No,Yes,3
PROP-00887,Rental,Maharashtra,Mumbai,Tier 1,19.076692043796182,72.91934205445321,Apartment,2,932,53337.87,57.23,218,Stale,2024,April,2023,New (2023-2026),RERA Approved,Fully Furnished,No,No,No,Yes,1
PROP-00888,Sale,Delhi,Delhi NCR,Tier 1,28.604841207181703,77.2225414356862,Independent House/Villa,4,2582,32621106.93,12634.05,54,Fast,2024,May,2019,Modern (2016-2022),Awaiting Approval,Semi-Furnished,Yes,No,No,Yes,2
PROP-00889,Sale,Telangana,Hyderabad,Tier 1,17.416087858100795,78.49968206544347,Apartment,3,1364,10762548.97,7890.43,214,Stale,2023,November,2018,Modern (2016-2022),RERA Approved,Unfurnished,No,No,No,Yes,1
PROP-00890,Sale,Maharashtra,Chhatrapati Sambhajinagar,Tier 2,19.909782592791053,75.33362106331838,Independent House/Villa,2,1686,9640779.97,5718.14,33,Fast,2022,November,2020,Modern (2016-2022),RERA Approved,Unfurnished,Yes,Yes,No,No,2
PROP-00891,Rental,Maharashtra,Mumbai,Tier 1,19.059219103311563,72.90293978823038,Apartment,3,1551,85342.11,55.02,43,Fast,2025,April,2020,Modern (2016-2022),RERA Approved,Fully Furnished,Yes,Yes,No,Yes,3
PROP-00892,Rental,Karnataka,Bengaluru,Tier 1,12.99096180574738,77.5977294018351,Apartment,2,1210,31726.15,26.22,351,Stale,2022,April,2017,Modern (2016-2022),RERA Approved,Unfurnished,No,Yes,No,Yes,2
PROP-00893,Rental,Gujarat,Ahmedabad,Tier 2,23.04961228158519,72.58914380712282,Apartment,2,1222,17049.54,13.95,104,Moderate,2024,February,2014,Vintage (2001-2015),RERA Approved,Semi-Furnished,No,No,No,No,0
PROP-00894,Sale,Delhi,Delhi NCR,Tier 1,28.629365068686596,77.20184579038488,Apartment,1,501,5506683.96,10991.39,177,Moderate,2023,October,2018,Modern (2016-2022),RERA Approved,Unfurnished,Yes,No,No,Yes,2
PROP-00895,Rental,Maharashtra,Pune,Tier 1,18.48555950748001,73.87984964640432,Apartment,2,1046,26445.81,25.28,21,Fast,2022,December,2002,Vintage (2001-2015),Non-RERA / NA,Semi-Furnished,Yes,No,Yes,Yes,3
PROP-00896,Sale,Telangana,Hyderabad,Tier 1,17.422588308351706,78.51914715176045,Apartment,2,1208,8438239.23,6985.3,60,Moderate,2024,July,2019,Modern (2016-2022),RERA Approved,Semi-Furnished,Yes,No,Yes,No,2
PROP-00897,Sale,Maharashtra,Pune,Tier 1,18.5243094552736,73.82134362566029,Apartment,4,2345,20890346.68,8908.46,230,Stale,2024,July,2019,Modern (2016-2022),Awaiting Approval,Semi-Furnished,Yes,Yes,No,Yes,3
PROP-00898,Rental,Maharashtra,Mumbai,Tier 1,19.054247242637,72.91099297155743,Apartment,2,851,44853.05,52.71,50,Fast,2024,September,2023,New (2023-2026),Non-RERA / NA,Semi-Furnished,Yes,No,No,No,1
PROP-00899,Sale,Delhi,Delhi NCR,Tier 1,28.60642281854377,77.21302965317903,Apartment,4,1956,15903932.97,8130.85,71,Moderate,2025,July,2023,New (2023-2026),RERA Approved,Fully Furnished,No,No,No,Yes,1
PROP-00900,Sale,Gujarat,Ahmedabad,Tier 2,22.976257109039892,72.60586659090902,Builder Floor,2,1222,5970247.35,4885.64,201,Stale,2024,November,2024,New (2023-2026),RERA Approved,Semi-Furnished,Yes,No,Yes,Yes,3
PROP-00901,Sale,Maharashtra,Pune,Tier 1,18.48318668012224,73.8498301706341,Apartment,2,941,7155806.27,7604.47,146,Moderate,2023,October,2018,Modern (2016-2022),RERA Approved,Semi-Furnished,Yes,No,No,Yes,2
PROP-00902,Sale,Maharashtra,Mumbai,Tier 1,19.102554675051586,72.8656040485383,Apartment,2,929,15322732.59,16493.79,327,Stale,2023,September,2022,Modern (2016-2022),RERA Approved,Fully Furnished,Yes,No,No,Yes,2
PROP-00903,Sale,Telangana,Hyderabad,Tier 1,17.33500116347554,78.52820607325172,Apartment,1,432,2680709.01,6205.34,27,Fast,2026,March,2024,New (2023-2026),RERA Approved,Fully Furnished,Yes,No,No,No,1
PROP-00904,Sale,Maharashtra,Mumbai,Tier 1,19.06765658284823,72.85281692675484,Apartment,2,1107,17771731.8,16053.96,98,Moderate,2022,May,2012,Vintage (2001-2015),Non-RERA / NA,Semi-Furnished,Yes,Yes,No,No,2
PROP-00905,Sale,Telangana,Hyderabad,Tier 1,17.38725101810856,78.52112123252861,Builder Floor,1,668,5861899.26,8775.3,246,Stale,2023,December,2021,Modern (2016-2022),RERA Approved,Fully Furnished,Yes,No,No,No,1
PROP-00906,Rental,Delhi,Delhi NCR,Tier 1,28.5693634420001,77.20740205725095,Apartment,2,870,30113.65,34.61,241,Stale,2026,May,2025,New (2023-2026),RERA Approved,Unfurnished,Yes,Yes,No,No,2
PROP-00907,Rental,Maharashtra,Chhatrapati Sambhajinagar,Tier 2,19.923507816297235,75.34470954425512,Builder Floor,2,1130,14040.39,12.43,58,Fast,2024,February,2023,New (2023-2026),RERA Approved,Semi-Furnished,Yes,No,No,Yes,2
PROP-00908,Sale,Delhi,Delhi NCR,Tier 1,28.586512533124967,77.18984682814896,Apartment,3,1756,14595660.08,8311.88,142,Moderate,2026,March,2016,Modern (2016-2022),Awaiting Approval,Fully Furnished,Yes,Yes,No,No,2
PROP-00909,Sale,Delhi,Delhi NCR,Tier 1,28.59431987196363,77.2163042200619,Independent House/Villa,2,1904,27184427.97,14277.54,337,Stale,2022,September,2021,Modern (2016-2022),RERA Approved,Unfurnished,No,Yes,Yes,No,2
PROP-00910,Sale,Maharashtra,Mumbai,Tier 1,19.056394251225502,72.86022111962762,Apartment,1,521,9561772.06,18352.73,276,Stale,2025,January,2020,Modern (2016-2022),RERA Approved,Unfurnished,No,No,No,No,0
PROP-00911,Sale,Delhi,Delhi NCR,Tier 1,28.586941666211736,77.16292694142417,Builder Floor,2,1219,14372955.63,11790.78,45,Fast,2026,January,2021,Modern (2016-2022),RERA Approved,Semi-Furnished,Yes,No,No,No,1
PROP-00912,Sale,Rajasthan,Jaipur,Tier 2,26.862547382208632,75.76449986053444,Apartment,4,2482,13528657.86,5450.71,102,Moderate,2026,April,2021,Modern (2016-2022),RERA Approved,Semi-Furnished,Yes,No,No,Yes,2
PROP-00913,Rental,Maharashtra,Chhatrapati Sambhajinagar,Tier 2,19.8991344794088,75.29393790434065,Apartment,3,1395,21343.04,15.3,187,Stale,2026,May,2021,Modern (2016-2022),Non-RERA / NA,Semi-Furnished,Yes,No,No,Yes,2
PROP-00914,Sale,Delhi,Delhi NCR,Tier 1,28.66058454997993,77.25683547870568,Apartment,2,936,8263303.41,8828.32,132,Moderate,2023,November,2013,Vintage (2001-2015),Awaiting Approval,Semi-Furnished,Yes,No,No,No,1
PROP-00915,Sale,Karnataka,Bengaluru,Tier 1,12.944029348328504,77.64117472098198,Apartment,2,966,9941181.58,10291.08,233,Stale,2022,April,2022,Modern (2016-2022),RERA Approved,Fully Furnished,Yes,No,No,Yes,2
PROP-00916,Sale,Telangana,Hyderabad,Tier 1,17.401304719180345,78.47621552974724,Builder Floor,1,643,5981928.5,9303.15,321,Stale,2024,December,2022,Modern (2016-2022),RERA Approved,Semi-Furnished,Yes,Yes,No,Yes,3
PROP-00917,Sale,Rajasthan,Jaipur,Tier 2,26.936589632695874,75.81013708543396,Apartment,4,2003,9432727.06,4709.3,90,Moderate,2022,February,2020,Modern (2016-2022),RERA Approved,Unfurnished,Yes,No,Yes,No,2
PROP-00918,Rental,Maharashtra,Pune,Tier 1,18.555242537909052,73.84128060984105,Apartment,3,1821,48580.1,26.68,260,Stale,2022,May,2021,Modern (2016-2022),RERA Approved,Fully Furnished,Yes,No,No,Yes,2
PROP-00919,Rental,Karnataka,Bengaluru,Tier 1,12.963862919701361,77.6117093157086,Independent House/Villa,2,1753,46620.56,26.59,213,Stale,2024,May,2022,Modern (2016-2022),RERA Approved,Unfurnished,Yes,No,No,Yes,2
PROP-00920,Sale,Karnataka,Bengaluru,Tier 1,12.951893090564043,77.6251430043046,Apartment,2,1014,8680042.44,8560.2,219,Stale,2023,November,2021,Modern (2016-2022),RERA Approved,Unfurnished,No,Yes,No,Yes,2
PROP-00921,Rental,Telangana,Hyderabad,Tier 1,17.367529513402303,78.53137562446922,Builder Floor,1,856,20366.23,23.79,104,Moderate,2026,May,2021,Modern (2016-2022),RERA Approved,Unfurnished,Yes,No,No,No,1
PROP-00922,Sale,Maharashtra,Mumbai,Tier 1,19.09726213330985,72.86772122758497,Independent House/Villa,4,2260,66633663.93,29483.92,53,Fast,2025,April,2020,Modern (2016-2022),Non-RERA / NA,Semi-Furnished,No,Yes,No,Yes,2
PROP-00923,Rental,Maharashtra,Pune,Tier 1,18.552077946650563,73.8850297982956,Apartment,1,467,11770.5,25.2,205,Stale,2022,May,2020,Modern (2016-2022),RERA Approved,Unfurnished,Yes,No,No,No,1
PROP-00924,Rental,Delhi,Delhi NCR,Tier 1,28.58206139677566,77.18559284506321,Builder Floor,2,1291,45518.08,35.26,262,Stale,2022,July,2012,Vintage (2001-2015),Non-RERA / NA,Unfurnished,Yes,No,No,Yes,2
PROP-00925,Sale,Gujarat,Ahmedabad,Tier 2,23.00959410081578,72.62043323037936,Apartment,2,1096,4718360.11,4305.07,182,Stale,2022,December,2020,Modern (2016-2022),RERA Approved,Semi-Furnished,Yes,No,No,Yes,2
PROP-00926,Sale,Maharashtra,Mumbai,Tier 1,19.116194019674914,72.83027695987644,Apartment,3,1298,22860690.58,17612.24,249,Stale,2026,May,2024,New (2023-2026),RERA Approved,Unfurnished,Yes,No,No,Yes,2
PROP-00927,Sale,Maharashtra,Pune,Tier 1,18.551069351969474,73.86705288065012,Apartment,3,1516,11765079.09,7760.61,127,Moderate,2024,October,2019,Modern (2016-2022),Awaiting Approval,Semi-Furnished,Yes,No,No,No,1
PROP-00928,Sale,Karnataka,Bengaluru,Tier 1,13.020085840276248,77.61055059816513,Apartment,3,1664,12770724.28,7674.71,346,Stale,2024,August,2024,New (2023-2026),RERA Approved,Fully Furnished,Yes,No,No,Yes,2
PROP-00929,Rental,Maharashtra,Pune,Tier 1,18.545824825968207,73.87550455570742,Independent House/Villa,2,1806,45618.61,25.26,175,Moderate,2025,July,2025,New (2023-2026),RERA Approved,Semi-Furnished,Yes,No,No,No,1
PROP-00930,Sale,Maharashtra,Mumbai,Tier 1,19.065319520102793,72.83973875787892,Builder Floor,3,1878,33251631.03,17705.87,337,Stale,2023,October,2021,Modern (2016-2022),RERA Approved,Unfurnished,Yes,No,No,No,1
PROP-00931,Sale,Maharashtra,Pune,Tier 1,18.52946378339946,73.90055297834732,Apartment,1,489,4256832.4,8705.18,140,Moderate,2022,August,2002,Vintage (2001-2015),RERA Approved,Unfurnished,No,Yes,No,No,1
PROP-00932,Rental,Maharashtra,Pune,Tier 1,18.53650142542473,73.824818327905,Apartment,2,887,23810.47,26.84,63,Moderate,2023,February,2013,Vintage (2001-2015),Non-RERA / NA,Fully Furnished,Yes,No,No,No,1
PROP-00933,Rental,Maharashtra,Pune,Tier 1,18.47824558163171,73.86897534032398,Builder Floor,2,1225,31255.98,25.52,197,Stale,2023,December,2023,New (2023-2026),Awaiting Approval,Unfurnished,Yes,Yes,No,Yes,3
PROP-00934,Sale,Maharashtra,Pune,Tier 1,18.524849695910387,73.82896760791232,Apartment,4,1803,12136829.95,6731.46,272,Stale,2022,December,2012,Vintage (2001-2015),RERA Approved,Fully Furnished,Yes,No,No,Yes,2
PROP-00935,Sale,Telangana,Hyderabad,Tier 1,17.40593208284726,78.46742164170213,Apartment,2,1229,9333148.12,7594.1,264,Stale,2023,November,2013,Vintage (2001-2015),RERA Approved,Unfurnished,Yes,No,No,No,1
PROP-00936,Sale,Gujarat,Ahmedabad,Tier 2,22.989232130400108,72.5760458541728,Apartment,3,1560,9828737.03,6300.47,99,Moderate,2025,November,2020,Modern (2016-2022),RERA Approved,Fully Furnished,Yes,No,Yes,No,2
PROP-00937,Sale,Delhi,Delhi NCR,Tier 1,28.641963171742557,77.20071934185646,Builder Floor,3,1660,18226134.4,10979.6,129,Moderate,2023,October,2013,Vintage (2001-2015),RERA Approved,Semi-Furnished,Yes,No,No,No,1
PROP-00938,Rental,Gujarat,Ahmedabad,Tier 2,23.030877278051413,72.53742256009765,Apartment,2,1156,15586.62,13.48,45,Fast,2022,May,2020,Modern (2016-2022),RERA Approved,Semi-Furnished,Yes,No,No,No,1
PROP-00939,Sale,Karnataka,Bengaluru,Tier 1,13.01682217856976,77.56169364024208,Independent House/Villa,2,1678,14068439.21,8384.05,258,Stale,2022,November,2021,Modern (2016-2022),RERA Approved,Semi-Furnished,Yes,Yes,No,No,2
PROP-00940,Sale,Maharashtra,Mumbai,Tier 1,19.03024222982069,72.86951447881628,Independent House/Villa,2,1558,34897800.95,22399.1,11,Fast,2022,May,2017,Modern (2016-2022),RERA Approved,Semi-Furnished,Yes,No,No,Yes,2
PROP-00941,Sale,Maharashtra,Mumbai,Tier 1,19.05253261375555,72.90342829782756,Apartment,2,1174,21251161.91,18101.5,220,Stale,2025,June,2020,Modern (2016-2022),RERA Approved,Semi-Furnished,Yes,Yes,Yes,No,3
PROP-00942,Sale,Delhi,Delhi NCR,Tier 1,28.62405538792998,77.24879646468479,Apartment,2,1196,13708543.91,11461.99,73,Moderate,2022,November,2017,Modern (2016-2022),RERA Approved,Semi-Furnished,No,No,No,No,0
PROP-00943,Rental,Gujarat,Ahmedabad,Tier 2,23.002155991220594,72.52981276622593,Independent House/Villa,1,1231,24567.18,19.96,73,Moderate,2023,August,2018,Modern (2016-2022),RERA Approved,Semi-Furnished,Yes,Yes,Yes,No,3
PROP-00944,Rental,Telangana,Hyderabad,Tier 1,17.406442416407124,78.47601039075595,Apartment,3,1303,26834.59,20.59,85,Moderate,2023,April,2003,Vintage (2001-2015),RERA Approved,Unfurnished,Yes,No,No,Yes,2
PROP-00945,Sale,Gujarat,Ahmedabad,Tier 2,23.048400528252195,72.53142455637229,Independent House/Villa,4,2798,15129375.07,5407.21,34,Fast,2023,July,2003,Vintage (2001-2015),Non-RERA / NA,Unfurnished,No,Yes,No,No,1
PROP-00946,Sale,Karnataka,Bengaluru,Tier 1,12.931851596406648,77.54625924806327,Builder Floor,2,1386,10587359.32,7638.79,77,Moderate,2026,February,2006,Vintage (2001-2015),Awaiting Approval,Semi-Furnished,Yes,No,No,No,1
PROP-00947,Sale,Karnataka,Bengaluru,Tier 1,12.972985446420678,77.6107718682644,Apartment,2,904,10158748.65,11237.55,266,Stale,2023,July,2013,Vintage (2001-2015),RERA Approved,Unfurnished,Yes,No,Yes,Yes,3
PROP-00948,Rental,Maharashtra,Mumbai,Tier 1,19.076889055559107,72.88794494419666,Independent House/Villa,1,1035,50911.23,49.19,93,Moderate,2022,December,2002,Vintage (2001-2015),RERA Approved,Semi-Furnished,Yes,No,No,No,1
PROP-00949,Rental,Delhi,Delhi NCR,Tier 1,28.600828077021553,77.1753019113815,Independent House/Villa,3,2526,88123.51,34.89,212,Stale,2024,March,2024,New (2023-2026),Awaiting Approval,Unfurnished,Yes,Yes,No,Yes,3
PROP-00950,Sale,Karnataka,Bengaluru,Tier 1,13.014892486256967,77.56798128330931,Independent House/Villa,3,1801,17423439.54,9674.31,217,Stale,2026,February,2024,New (2023-2026),Non-RERA / NA,Semi-Furnished,No,No,No,No,0
PROP-00951,Rental,Maharashtra,Mumbai,Tier 1,19.108750631987323,72.83007077536446,Apartment,1,575,31947.72,55.56,326,Stale,2026,February,2021,Modern (2016-2022),Awaiting Approval,Unfurnished,Yes,Yes,No,Yes,3
PROP-00952,Rental,Delhi,Delhi NCR,Tier 1,28.633620938190965,77.24249472056944,Apartment,1,519,16346.51,31.5,270,Stale,2023,January,2013,Vintage (2001-2015),RERA Approved,Semi-Furnished,Yes,No,Yes,Yes,3
PROP-00953,Sale,Maharashtra,Pune,Tier 1,18.541832663573498,73.90416905960485,Apartment,3,1543,11313252.08,7331.98,297,Stale,2025,July,2020,Modern (2016-2022),Non-RERA / NA,Unfurnished,Yes,No,No,Yes,2
PROP-00954,Rental,Telangana,Hyderabad,Tier 1,17.381171614381312,78.45024595367947,Independent House/Villa,2,1364,30111.45,22.08,211,Stale,2022,March,2012,Vintage (2001-2015),RERA Approved,Unfurnished,No,No,No,No,0
PROP-00955,Sale,Maharashtra,Chhatrapati Sambhajinagar,Tier 2,19.918299452109657,75.31644752137653,Apartment,1,588,2921965.33,4969.33,337,Stale,2023,June,2022,Modern (2016-2022),RERA Approved,Unfurnished,Yes,No,No,Yes,2
PROP-00956,Sale,Maharashtra,Chhatrapati Sambhajinagar,Tier 2,19.89565954272533,75.3801409523947,Independent House/Villa,2,1590,8193946.83,5153.43,81,Moderate,2025,October,2023,New (2023-2026),Non-RERA / NA,Fully Furnished,Yes,No,Yes,No,2
PROP-00957,Sale,Maharashtra,Pune,Tier 1,18.54329810616558,73.89934637979562,Apartment,2,1066,6526819.07,6122.72,292,Stale,2024,July,2014,Vintage (2001-2015),RERA Approved,Unfurnished,No,No,No,No,0
PROP-00958,Sale,Karnataka,Bengaluru,Tier 1,13.007769090378735,77.58656273828068,Apartment,2,1120,9171992.53,8189.28,51,Fast,2025,January,2024,New (2023-2026),Non-RERA / NA,Semi-Furnished,Yes,No,No,No,1
PROP-00959,Sale,Maharashtra,Pune,Tier 1,18.49780715893422,73.81176224722691,Apartment,3,1696,12919190.24,7617.45,114,Moderate,2025,October,2023,New (2023-2026),RERA Approved,Unfurnished,Yes,No,No,Yes,2
PROP-00960,Rental,Gujarat,Ahmedabad,Tier 2,23.05320709038667,72.52533918336928,Independent House/Villa,3,2588,44469.58,17.18,204,Stale,2022,December,2020,Modern (2016-2022),Non-RERA / NA,Unfurnished,Yes,No,No,No,1
PROP-00961,Sale,Maharashtra,Mumbai,Tier 1,19.04552406029565,72.8850949866069,Apartment,2,1062,24995220.56,23535.99,214,Stale,2025,December,2023,New (2023-2026),RERA Approved,Semi-Furnished,Yes,No,No,No,1
PROP-00962,Rental,Karnataka,Bengaluru,Tier 1,12.95613419522449,77.58388951088932,Apartment,4,2019,48870.44,24.21,158,Moderate,2025,September,2015,Vintage (2001-2015),Non-RERA / NA,Semi-Furnished,Yes,Yes,No,Yes,3
PROP-00963,Sale,Gujarat,Ahmedabad,Tier 2,23.006061045426986,72.52426524275776,Apartment,2,1231,5514998.5,4480.1,14,Fast,2023,October,2021,Modern (2016-2022),RERA Approved,Fully Furnished,Yes,No,No,Yes,2
PROP-00964,Sale,Karnataka,Bengaluru,Tier 1,13.019452546838915,77.60292523923125,Independent House/Villa,3,2324,21610000.89,9298.62,357,Stale,2026,February,2021,Modern (2016-2022),RERA Approved,Fully Furnished,Yes,No,No,Yes,2
PROP-00965,Sale,Maharashtra,Pune,Tier 1,18.55605372237479,73.8078302536589,Apartment,2,969,7700326.01,7946.67,161,Moderate,2022,February,2022,Modern (2016-2022),RERA Approved,Semi-Furnished,Yes,Yes,No,No,2
PROP-00966,Sale,Maharashtra,Pune,Tier 1,18.540516986159023,73.88543719581493,Apartment,3,1350,11124790.12,8240.59,265,Stale,2025,October,2015,Vintage (2001-2015),RERA Approved,Semi-Furnished,Yes,Yes,Yes,Yes,4
PROP-00967,Rental,Maharashtra,Mumbai,Tier 1,19.09870567616154,72.85834328227034,Builder Floor,4,2611,150230.15,57.54,81,Moderate,2023,July,2021,Modern (2016-2022),RERA Approved,Semi-Furnished,Yes,No,Yes,Yes,3
PROP-00968,Sale,Delhi,Delhi NCR,Tier 1,28.62010727944026,77.16302580030093,Independent House/Villa,1,1094,11948494.63,10921.84,261,Stale,2025,July,2020,Modern (2016-2022),RERA Approved,Semi-Furnished,Yes,No,No,No,1
PROP-00969,Sale,Delhi,Delhi NCR,Tier 1,28.658609066710852,77.21783522209832,Builder Floor,4,2451,27592810.49,11257.78,135,Moderate,2024,August,2014,Vintage (2001-2015),RERA Approved,Fully Furnished,No,No,Yes,Yes,2
PROP-00970,Sale,Maharashtra,Mumbai,Tier 1,19.075625875288235,72.86746844144331,Apartment,3,1557,37590795.18,24143.09,71,Moderate,2023,August,2022,Modern (2016-2022),RERA Approved,Semi-Furnished,Yes,No,Yes,No,2
PROP-00971,Rental,Maharashtra,Mumbai,Tier 1,19.06405177098699,72.92508004133572,Apartment,3,1394,79218.07,56.83,232,Stale,2025,November,2005,Vintage (2001-2015),RERA Approved,Semi-Furnished,No,No,Yes,No,1
PROP-00972,Rental,Gujarat,Ahmedabad,Tier 2,22.98880353369316,72.57581986625037,Builder Floor,2,1308,26137.66,19.98,167,Moderate,2022,June,2017,Modern (2016-2022),Non-RERA / NA,Unfurnished,Yes,No,No,Yes,2
PROP-00973,Rental,Delhi,Delhi NCR,Tier 1,28.642520565226107,77.1865239181037,Apartment,3,1311,44257.98,33.76,19,Fast,2023,December,2021,Modern (2016-2022),RERA Approved,Unfurnished,Yes,No,No,No,1
PROP-00974,Sale,Karnataka,Bengaluru,Tier 1,12.995044393207559,77.6155438864634,Independent House/Villa,3,2132,27696900.06,12991.04,236,Stale,2023,May,2022,Modern (2016-2022),RERA Approved,Fully Furnished,Yes,No,No,Yes,2
PROP-00975,Sale,Delhi,Delhi NCR,Tier 1,28.602335503852416,77.18614920025428,Apartment,2,1068,10423364.13,9759.7,199,Stale,2025,July,2005,Vintage (2001-2015),RERA Approved,Semi-Furnished,Yes,Yes,No,Yes,3
PROP-00976,Sale,Maharashtra,Chhatrapati Sambhajinagar,Tier 2,19.828719341395924,75.38372432914076,Apartment,4,2048,8040277.57,3925.92,353,Stale,2023,August,2013,Vintage (2001-2015),RERA Approved,Semi-Furnished,Yes,No,No,No,1
PROP-00977,Sale,Delhi,Delhi NCR,Tier 1,28.6477997327718,77.19647219705074,Apartment,1,574,4730496.94,8241.28,34,Fast,2024,September,2023,New (2023-2026),RERA Approved,Unfurnished,Yes,No,No,Yes,2
PROP-00978,Sale,Karnataka,Bengaluru,Tier 1,12.922741798345408,77.59958685627763,Apartment,1,590,5444152.68,9227.38,363,Stale,2023,April,2021,Modern (2016-2022),RERA Approved,Fully Furnished,No,No,No,No,0
PROP-00979,Sale,Rajasthan,Jaipur,Tier 2,26.932769977962906,75.74235731038243,Apartment,2,1158,6346915.93,5480.93,342,Stale,2023,June,2013,Vintage (2001-2015),Awaiting Approval,Unfurnished,Yes,No,No,Yes,2
PROP-00980,Sale,Gujarat,Ahmedabad,Tier 2,23.069525710972606,72.56401212379522,Apartment,2,865,4034274.58,4663.9,335,Stale,2022,December,2017,Modern (2016-2022),RERA Approved,Fully Furnished,Yes,Yes,Yes,Yes,4
PROP-00981,Sale,Maharashtra,Mumbai,Tier 1,19.06976613281482,72.91093635396611,Builder Floor,2,1113,23303762.35,20937.79,320,Stale,2022,February,2012,Vintage (2001-2015),RERA Approved,Unfurnished,No,No,Yes,No,1
PROP-00982,Rental,Gujarat,Ahmedabad,Tier 2,22.995997340499596,72.60196488053633,Apartment,1,532,9898.96,18.61,300,Stale,2022,August,2020,Modern (2016-2022),RERA Approved,Fully Furnished,No,No,Yes,Yes,2
PROP-00983,Sale,Karnataka,Bengaluru,Tier 1,12.992087101004339,77.56703185588535,Independent House/Villa,4,3182,38605768.78,12132.55,334,Stale,2023,September,2013,Vintage (2001-2015),RERA Approved,Semi-Furnished,No,No,No,No,0
PROP-00984,Sale,Karnataka,Bengaluru,Tier 1,13.003312814201559,77.56720790710105,Independent House/Villa,1,1302,15165335.87,11647.72,224,Stale,2024,March,2022,Modern (2016-2022),RERA Approved,Unfurnished,Yes,No,No,Yes,2
PROP-00985,Rental,Maharashtra,Mumbai,Tier 1,19.080643031607785,72.90943053122133,Apartment,1,593,34360.73,57.94,151,Moderate,2024,January,2023,New (2023-2026),Awaiting Approval,Semi-Furnished,Yes,No,No,No,1
PROP-00986,Sale,Maharashtra,Mumbai,Tier 1,19.122703527525616,72.92073984201694,Apartment,1,485,9167578.12,18902.22,263,Stale,2023,April,2018,Modern (2016-2022),RERA Approved,Semi-Furnished,Yes,No,No,Yes,2
PROP-00987,Rental,Telangana,Hyderabad,Tier 1,17.3401668721658,78.4462360921273,Independent House/Villa,2,1634,34940.45,21.38,296,Stale,2022,September,1982,Mature (Pre-2001),RERA Approved,Unfurnished,Yes,No,No,Yes,2
PROP-00988,Sale,Karnataka,Bengaluru,Tier 1,12.972079559830453,77.58960586394262,Apartment,4,2076,19219221.95,9257.81,303,Stale,2023,December,2021,Modern (2016-2022),RERA Approved,Fully Furnished,Yes,No,No,Yes,2
PROP-00989,Sale,Karnataka,Bengaluru,Tier 1,12.993445394732255,77.57834542789642,Independent House/Villa,3,1917,19711502.18,10282.47,147,Moderate,2023,January,2018,Modern (2016-2022),Awaiting Approval,Semi-Furnished,Yes,No,No,Yes,2
PROP-00990,Rental,Telangana,Hyderabad,Tier 1,17.42126404711492,78.52376884554575,Independent House/Villa,3,1811,32039.96,17.69,239,Stale,2023,February,2018,Modern (2016-2022),RERA Approved,Semi-Furnished,Yes,No,No,No,1
PROP-00991,Rental,Telangana,Hyderabad,Tier 1,17.35292556119078,78.445052491468,Builder Floor,1,860,22013.14,25.6,119,Moderate,2024,November,2019,Modern (2016-2022),RERA Approved,Unfurnished,Yes,Yes,No,Yes,3
PROP-00992,Rental,Maharashtra,Mumbai,Tier 1,19.10600034817637,72.8488125942558,Apartment,2,946,54862.91,57.99,94,Moderate,2023,January,2013,Vintage (2001-2015),RERA Approved,Semi-Furnished,Yes,No,Yes,Yes,3
PROP-00993,Sale,Maharashtra,Pune,Tier 1,18.52567070757185,73.88194683375865,Apartment,2,945,8383627.99,8871.56,212,Stale,2023,July,2013,Vintage (2001-2015),RERA Approved,Fully Furnished,Yes,No,No,Yes,2
PROP-00994,Sale,Maharashtra,Mumbai,Tier 1,19.065655368198996,72.83282938489812,Apartment,2,883,16075362.41,18205.39,168,Moderate,2022,April,2022,Modern (2016-2022),Non-RERA / NA,Semi-Furnished,Yes,No,No,No,1
PROP-00995,Sale,Telangana,Hyderabad,Tier 1,17.348171502857912,78.48595353807143,Apartment,1,610,4375736.44,7173.34,88,Moderate,2023,August,1983,Mature (Pre-2001),RERA Approved,Fully Furnished,No,No,Yes,No,1
PROP-00996,Sale,Telangana,Hyderabad,Tier 1,17.421529575890894,78.48091070346797,Builder Floor,3,1839,12651413.46,6879.51,81,Moderate,2024,April,2014,Vintage (2001-2015),RERA Approved,Fully Furnished,Yes,No,No,Yes,2
PROP-00997,Rental,Maharashtra,Chhatrapati Sambhajinagar,Tier 2,19.841927320817973,75.32674011789888,Apartment,2,1116,13915.85,12.47,165,Moderate,2023,February,2003,Vintage (2001-2015),Non-RERA / NA,Unfurnished,Yes,Yes,No,Yes,3
PROP-00998,Sale,Maharashtra,Mumbai,Tier 1,19.05697878592091,72.86715723153189,Apartment,3,1821,38275605.75,21019.0,9,Fast,2024,March,2019,Modern (2016-2022),RERA Approved,Unfurnished,Yes,No,No,Yes,2
PROP-00999,Rental,Maharashtra,Mumbai,Tier 1,19.055004553196245,72.88069405869302,Independent House/Villa,2,1581,66555.04,42.1,82,Moderate,2025,November,2005,Vintage (2001-2015),RERA Approved,Fully Furnished,Yes,No,No,No,1
PROP-01000,Sale,Delhi,Delhi NCR,Tier 1,28.651041403419086,77.17513673583885,Apartment,1,549,4906863.09,8937.82,95,Moderate,2025,July,2024,New (2023-2026),RERA Approved,Semi-Furnished,Yes,No,Yes,Yes,3
